,이름,우편번호,주소,전화번호,이메일
0,김수민,98568,충청북도 청주시 상당구 선릉29거리,051-076-2200,gimjuweon@example.org
1,최지후,47160,부산광역시 서초구 가락로 (옥자이김리),043-294-9155,seojuni@example.org
2,김지은,90819,부산광역시 북구 학동8길,052-722-5843,rryu@example.org
3,오은서,97725,전라남도 태백시 테헤란3거리 (성현곽이면),033-138-4478,yejii@example.net
4,안재현,27958,충청북도 정선군 학동0거리,016-820-9772,gweonhyeonu@example.net
5,이지우,10044,충청북도 고양시 일산동구 오금로,016-027-2008,seojinho@example.net
6,조현준,67481,경기도 인제군 반포대거리,010-2327-8692,minseomun@example.net
7,김승민,95737,대전광역시 금천구 반포대92가 (경희이면),062-051-7647,sangceol34@example.org
8,류시우,55389,충청북도 강릉시 언주332가,019-045-9070,minseo71@example.org
9,김종수,23521,서울특별시 도봉구 가락거리 (유진윤리),063-008-7450,iseonyeong@example.org
10,김예진,57430,세종특별자치시 용산구 서초중앙길,061-577-0584,gimseonghyeon@example.net
11,장성수,31979,대구광역시 영등포구 압구정7로,033-154-1527,mgim@example.org
12,하경희,47100,경상북도 용인시 기흥구 백제고분로,017-117-4337,jiogja@example.org
13,김은경,41010,울산광역시 구로구 봉은사1로,017-374-7706,ganghyeonji@example.org
14,홍서준,60744,대구광역시 강남구 논현길,055-568-7192,caeweonseo@example.org
15,박지혜,20463,경상북도 춘천시 석촌호수길,062-922-7354,haeuni@example.org
16,박성현,71420,서울특별시 노원구 석촌호수95가 (정수오이동),055-662-8541,jeongsuhan@example.net
17,윤서영,18147,충청북도 연천군 봉은사2거리 (영순엄홍동),019-127-4392,tan@example.com
18,이동현,28291,경상남도 청주시 서원구 서초대로,011-496-3268,siumin@example.com
19,이영자,51856,대구광역시 동대문구 삼성거리,019-800-1971,ubag@example.net
20,박미숙,00248,울산광역시 종로구 서초중앙길,018-500-1631,caeweoni@example.com
21,이아름,36136,경상북도 부천시 논현길,016-621-3873,iyeongho@example.org
22,강옥자,29100,대구광역시 동구 강남대39길 (미경이엄면),044-585-1902,byeongceol73@example.com
23,박준혁,75734,제주특별자치도 계룡시 도산대8가,062-973-8833,minji17@example.net
24,이준혁,52216,울산광역시 은평구 언주로 (수민박장면),064-722-7919,jia95@example.com
25,김윤서,82327,울산광역시 성북구 잠실313길 (예지김동),019-852-4718,pgim@example.net
26,김현준,32097,서울특별시 마포구 서초중앙거리 (미영이마을),044-261-7082,jangseungmin@example.net
27,한민서,65220,제주특별자치도 원주시 학동길,064-793-3766,hyeonjun68@example.org
28,손은주,53041,경상북도 수원시 영통구 삼성8로,062-506-8121,sunja37@example.com
29,김시우,12098,전라남도 광주시 봉은사570가,053-851-8398,jihugim@example.com
30,김영식,02362,부산광역시 서초구 영동대거리,054-264-3289,tgim@example.net
31,장영순,58555,경상남도 남양주시 학동거리,055-643-3273,yeongjin45@example.net
32,이준서,30855,강원도 용인시 기흥구 테헤란1거리,064-725-2811,yeongsug74@example.net
33,이성현,85605,세종특별자치시 용산구 압구정8로 (수빈이박동),055-173-4322,fo@example.org
34,이준호,06294,인천광역시 성북구 역삼가,043-737-1511,yujingim@example.net
35,하옥자,09319,인천광역시 관악구 서초중앙로,02-9224-6662,jeongsugi@example.net
36,이준혁,40309,경기도 고양시 오금길,041-455-1685,jojieun@example.org
37,한승민,76540,제주특별자치도 가평군 오금길,031-947-1655,oyun@example.org
38,박미영,62863,충청남도 예산군 반포대71거리 (정수남박면),043-303-7249,mgim@example.com
39,김준영,19268,전라남도 김포시 서초중앙길,041-448-5273,di@example.org
40,김승민,95714,대전광역시 은평구 선릉20로 (수민손이동),010-5901-0652,seongjin06@example.org
41,김중수,14867,세종특별자치시 서대문구 삼성7로 (순옥김면),010-6427-7507,jeongho45@example.com
42,안준영,95639,부산광역시 마포구 가락거리 (영일이강리),042-303-2051,hyeonjui@example.com
43,김시우,13740,경기도 홍천군 양재천73거리 (아름이읍),017-670-9660,ijiu@example.net
44,문현준,95179,충청북도 고양시 일산서구 역삼5길,070-2156-0612,vgim@example.net
45,이채원,12306,울산광역시 도봉구 언주9로,070-3246-7418,zi@example.org
46,최현정,36346,부산광역시 양천구 가락41거리 (지연이정리),016-726-1054,gimmiyeong@example.org
47,김재호,40633,전라북도 부여군 학동70길,010-5515-1928,yunseogweon@example.org
48,김병철,84198,경상북도 태백시 역삼로 (영미김이읍),017-198-6240,dcoe@example.org
49,윤예은,22808,경기도 삼척시 도산대가,019-835-4192,sgim@example.com
50,이영식,24290,경상남도 부여군 석촌호수8로 (숙자박동),070-0051-3557,cunjai@example.org
51,최지민,38938,충청남도 서산시 오금로 (지연최마을),019-063-0371,jeongnamcoe@example.net
52,김지연,93608,서울특별시 종로구 삼성86가,019-148-0343,hyeonu04@example.org
53,남영환,01822,경기도 동두천시 삼성5거리,051-527-3820,gimeunyeong@example.org
54,김정웅,39271,전라북도 용인시 처인구 반포대4길 (유진박김면),064-754-1506,minseogna@example.net
55,황순자,57650,강원도 부천시 역삼11가 (상훈노남마을),011-140-0639,jungsu90@example.com
56,김미숙,71115,대구광역시 구로구 삼성460길,016-947-8972,mu@example.com
57,이재호,23646,전라남도 청양군 서초대가 (민준곽김동),063-948-1669,sanghoi@example.com
58,황경수,66173,충청남도 용인시 수지구 역삼로 (현준이이면),053-327-5022,vbag@example.com
59,김영자,16697,대전광역시 구로구 삼성거리,061-292-2767,subingang@example.net
60,조명자,10459,대구광역시 강북구 역삼2거리,070-0158-4386,myeongsug64@example.org
61,오춘자,45688,충청북도 안산시 개포가,044-579-9754,yeongjin84@example.com
62,장지현,14052,대구광역시 강남구 잠실로,063-823-5301,fan@example.com
63,김영식,87115,울산광역시 마포구 언주로,051-133-8834,sugja17@example.com
64,김재호,28245,전라남도 영월군 강남대가 (정호김읍),070-0777-5450,hongyeongsun@example.net
65,양미숙,75580,인천광역시 관악구 가락거리,055-925-9484,jojeongsu@example.org
66,이건우,91950,서울특별시 강남구 논현가 (현준김마을),062-637-8003,hseo@example.net
67,김영호,51384,울산광역시 중랑구 테헤란가 (명자임이마을),052-677-6116,ogsun32@example.com
68,문영희,77144,울산광역시 양천구 도산대길,044-092-6290,vryu@example.com
69,권영희,37383,강원도 예산군 테헤란로 (혜진황박동),043-196-3411,icaeweon@example.org
70,이서현,06703,세종특별자치시 동작구 양재천로,010-3415-8437,jihui@example.org
71,송정숙,58403,서울특별시 은평구 학동가 (상철안박동),010-3191-7640,gyeongjagim@example.net
72,권상호,81271,경상남도 옥천군 양재천64거리 (은주김강마을),064-718-6458,jiyeong05@example.com
73,박서현,33565,인천광역시 남구 잠실거리,044-680-8477,seoyun00@example.net
74,양영철,22481,경상남도 홍천군 반포대16거리 (영미권지마을),042-628-6005,dgim@example.com
75,양순옥,10489,경기도 제천시 반포대거리,018-983-6874,cunja64@example.com
76,강정호,24216,부산광역시 용산구 강남대3길 (도현이동),052-587-6489,junhyeogan@example.org
77,이준혁,34866,대전광역시 성북구 압구정315거리,062-808-0726,sgim@example.net
78,홍은경,61617,세종특별자치시 은평구 논현거리 (은지김동),064-773-2395,seoyeongim@example.net
79,백춘자,05504,인천광역시 중구 삼성가 (옥순김리),043-353-2089,yunseongjin@example.net
80,양영희,84811,전라남도 동두천시 언주가,010-8970-3628,cgim@example.com
81,이순옥,50575,서울특별시 강서구 테헤란729거리,041-121-7225,gimminsu@example.com
82,문미영,62176,광주광역시 도봉구 양재천거리 (지연오김동),064-730-0542,seongsugim@example.org
83,구윤서,98403,인천광역시 광진구 강남대8거리 (채원김면),051-329-9134,gimjeongsu@example.net
84,오서현,70705,경상남도 홍천군 언주14가,016-742-5540,migyeong11@example.com
85,김지원,15029,인천광역시 구로구 언주가 (옥자배면),032-366-3518,icoe@example.org
86,이민지,16661,충청남도 김포시 서초중앙가 (정훈김면),063-406-6392,jungsugim@example.org
87,오중수,32951,광주광역시 강남구 압구정75가,019-696-2527,yunjinu@example.net
88,안순자,54225,제주특별자치도 고양시 백제고분거리,062-656-0433,yeongsig36@example.com
89,박상철,07933,제주특별자치도 시흥시 봉은사길 (순옥김김동),070-0891-8864,seongho33@example.net
90,장정호,53836,전라북도 과천시 압구정로 (정순나면),010-7985-4628,yangminji@example.com
91,안은지,27203,대구광역시 종로구 서초대거리 (성수김리),017-646-1888,hyeonu96@example.org
92,김성현,39741,울산광역시 금천구 테헤란3거리,063-211-1740,qgang@example.com
93,황민수,61109,인천광역시 강북구 백제고분9로,033-734-0289,yeongilca@example.com
94,서승민,98918,제주특별자치도 김포시 석촌호수803길,064-779-2367,yhwang@example.net
95,강정남,17636,충청북도 청양군 역삼1길,033-817-0238,nbag@example.net
96,장현지,97325,대구광역시 도봉구 서초중앙가,043-519-9475,yeeunsim@example.com
97,박영자,89066,부산광역시 금천구 압구정가 (정숙김이마을),054-787-4808,bagseoyun@example.net
98,이지원,71343,부산광역시 서초구 서초중앙578가 (영순이마을),02-7094-8481,gimyeonghwan@example.com
99,김예은,08366,충청남도 천안시 서북구 개포007로 (건우최안면),02-1148-2705,tbag@example.net
100,박민석,48914,전라북도 아산시 학동1로,042-328-8615,ygim@example.org
101,이지연,59605,광주광역시 동작구 삼성길,031-524-8327,caeweon58@example.org
102,고경수,26137,세종특별자치시 마포구 테헤란로 (은경최이리),02-4552-0296,gyeongsug84@example.com
103,서주원,91176,부산광역시 마포구 서초중앙562거리 (지혜서마을),010-6824-6806,anmijeong@example.net
104,김지후,23355,세종특별자치시 성동구 도산대거리,055-509-1470,jgim@example.net
105,이명자,58264,경기도 고양시 덕양구 서초중앙073거리,043-767-4217,myeongjajang@example.org
106,이준혁,72371,부산광역시 서초구 서초중앙180가 (정숙고리),041-472-8929,kyun@example.net
107,최지현,32942,울산광역시 강남구 테헤란가,061-963-5136,cmun@example.net
108,노수진,44451,경기도 계룡시 역삼6거리,043-345-0250,iyeongho@example.com
109,이재현,81106,인천광역시 동작구 논현길 (상철안읍),02-5704-1525,ihyeonjun@example.org
110,유은서,28813,서울특별시 도봉구 개포21가,019-408-3129,junseo91@example.org
111,이성진,69607,대구광역시 은평구 강남대918길,064-708-8088,juweon57@example.net
112,김미영,00871,부산광역시 서초구 도산대거리,011-588-4161,ii@example.com
113,이도현,69163,경상북도 부천시 원미구 학동545가,052-935-2444,gyeongsu29@example.org
114,박은지,26744,대전광역시 용산구 학동길 (정희김마을),043-799-8356,sonseonyeong@example.org
115,이건우,18198,충청남도 포천시 역삼9로,033-069-0344,gwangsuhan@example.net
116,이미정,68943,세종특별자치시 강동구 선릉20길 (진우김최면),017-416-0838,gimjaehyeon@example.com
117,박아름,77113,강원도 구리시 서초중앙061거리,02-0655-1430,icoe@example.org
118,한예은,54450,전라북도 시흥시 서초중앙05길,061-243-4254,kgim@example.com
119,황순옥,53746,대전광역시 서대문구 서초대가 (지훈안리),054-504-2862,boramgim@example.net
120,홍상호,04678,전라북도 가평군 반포대가,051-775-4640,sanghogim@example.net
121,권시우,93812,경상남도 철원군 양재천거리,062-236-5395,qan@example.com
122,김서윤,82194,충청남도 양평군 삼성5거리 (성호류리),02-7064-0580,yeonggil36@example.net
123,장도현,80954,경상남도 영동군 서초대거리 (현준백동),062-873-8709,ujini@example.net
124,김지훈,52308,광주광역시 용산구 서초중앙길 (경수박읍),017-864-2272,yeweon31@example.com
125,이주원,83116,제주특별자치도 서천군 도산대길 (상철양면),051-067-9498,anjunseo@example.org
126,이예진,04332,경상남도 괴산군 봉은사196로 (재현우읍),070-0558-3674,areumi@example.com
127,류진우,99042,세종특별자치시 중랑구 도산대로 (서현김이마을),042-244-4921,hongmyeongja@example.org
128,신옥자,61311,서울특별시 금천구 가락475로 (미숙박읍),055-920-2864,minseo05@example.com
129,문정호,77461,광주광역시 도봉구 압구정로 (영호임이리),011-371-6983,nobyeongceol@example.com
130,박민수,34280,대구광역시 노원구 강남대85길,016-082-2584,gimseunghyeon@example.com
131,이재현,28831,세종특별자치시 양천구 학동93로,019-031-0602,coeyeongsun@example.com
132,김지현,51393,세종특별자치시 광진구 도산대916거리 (보람서박동),031-213-4444,jungsui@example.net
133,김미경,78483,대구광역시 구로구 영동대76로 (종수오면),011-058-0642,gsim@example.com
134,백준호,17840,경상북도 영월군 백제고분7로,051-429-9451,jeongho40@example.com
135,서시우,12497,부산광역시 금천구 압구정64로 (영수김마을),033-702-6532,gimyeonggil@example.net
136,박상철,04916,경상북도 동두천시 언주가,032-540-2667,xryu@example.org
137,허지원,62574,부산광역시 강동구 언주가,011-287-4161,bagcaeweon@example.net
138,홍성현,16250,부산광역시 강동구 봉은사501거리 (미정이박읍),019-433-7579,gwangsugim@example.com
139,김영진,86010,대구광역시 서구 봉은사로 (경자김백읍),033-755-3395,oyunseo@example.org
140,하경자,79320,울산광역시 남구 봉은사길,042-132-3949,gyeongjai@example.com
141,류준호,13273,제주특별자치도 광주시 선릉753로,054-262-5783,gosubin@example.net
142,하민석,02814,세종특별자치시 양천구 석촌호수7길,016-685-8617,hyeonsugjang@example.com
143,박영순,26860,전라북도 공주시 도산대길 (유진이이리),017-433-1749,hanyunseo@example.com
144,신영순,26940,경상남도 홍성군 학동로 (지영이이마을),041-382-9321,yjang@example.net
145,윤상현,46692,대구광역시 강북구 선릉4거리,064-777-1912,anmigyeong@example.net
146,서명숙,76863,서울특별시 도봉구 반포대57가 (순자박리),070-5237-1838,gwangsu37@example.org
147,김은지,52446,전라남도 고양시 덕양구 가락로 (민서한박리),052-008-2216,minseogim@example.org
148,한지훈,69726,대구광역시 도봉구 오금20로 (영희최리),010-0283-3965,xgweon@example.com
149,차은정,81344,강원도 부천시 원미구 가락길 (현숙박면),018-368-4035,borami@example.net
150,문미영,30660,제주특별자치도 양평군 서초대20로,018-140-8679,ijaeho@example.com
151,김서연,96953,서울특별시 서초구 영동대길,063-994-4950,seoyeong38@example.org
152,최정수,84940,전라북도 논산시 봉은사가 (영자김면),033-363-2842,seongjin60@example.com
153,배승현,36097,충청남도 속초시 학동522길,031-018-2872,hjo@example.net
154,서광수,01899,전라북도 청주시 청원구 강남대길 (은경최송리),054-388-5415,li@example.com
155,양은정,49931,경상북도 단양군 영동대34거리,033-607-8409,yeongsug98@example.org
156,최민지,96060,세종특별자치시 도봉구 도산대17로 (성수김이면),017-208-9729,eomjiyeong@example.org
157,류정자,80978,제주특별자치도 삼척시 언주가,055-073-7123,hyeonu03@example.com
158,최예준,33957,세종특별자치시 강북구 개포62로,064-760-0429,byeongceolbag@example.org
159,김윤서,75517,경기도 안양시 동안구 석촌호수105거리,010-6776-9358,suminbag@example.net
160,이영희,01149,전라남도 부천시 잠실길,02-2845-3113,bagyeonggil@example.org
161,문재호,16442,강원도 안양시 만안구 개포1로 (보람허읍),054-770-4078,minji61@example.net
162,박성수,97876,세종특별자치시 영등포구 반포대331거리 (숙자김리),061-434-0139,bagjinu@example.org
163,강보람,05014,강원도 청주시 흥덕구 학동로,061-194-6061,jeongsun45@example.org
164,이명숙,46261,대전광역시 용산구 영동대1로 (성수류이리),019-235-6920,yangsanghun@example.org
165,허영길,75287,제주특별자치도 성남시 중원구 강남대10거리,042-759-4015,ihyeonu@example.org
166,박건우,50350,전라북도 하남시 서초대길 (지은강읍),055-886-2626,gujihu@example.net
167,김은주,18492,충청북도 동해시 백제고분길 (영환류마을),054-025-8939,seongsuno@example.net
168,백서준,53800,대구광역시 성북구 개포로 (영일이장읍),052-119-8023,jeongsun05@example.com
169,이윤서,29944,충청남도 청주시 흥덕구 선릉16길 (우진김마을),010-9961-1099,ean@example.net
170,김지훈,59400,전라남도 부여군 압구정0길,051-905-2203,eunjui@example.org
171,강영희,92951,인천광역시 송파구 삼성094가 (재현이김면),055-682-2750,ihyeonsug@example.com
172,최서윤,33475,서울특별시 성북구 영동대8거리,051-550-9472,gimyeongho@example.com
173,김하윤,60789,경기도 여주시 언주28로,062-268-6785,mbag@example.com
174,이민재,44555,경상북도 부천시 소사구 학동537가 (지후윤안마을),054-005-7445,hyeonjun58@example.org
175,이성수,08445,제주특별자치도 홍천군 논현로 (경희이류리),02-4656-4651,obag@example.net
176,윤혜진,78072,충청북도 포천시 역삼0길,032-649-4685,bagseongho@example.org
177,이영자,29725,제주특별자치도 청주시 서원구 서초대가,043-753-8177,gimeunyeong@example.org
178,한지연,53650,강원도 과천시 반포대거리 (현준이김동),032-739-4116,myeongsug10@example.com
179,구하은,30315,전라북도 구리시 봉은사981거리,02-5642-3982,hyejinjeon@example.net
180,심승현,58873,서울특별시 강북구 논현00길 (동현진이리),061-223-3677,seonghunheo@example.com
181,홍영미,90930,강원도 성남시 서초대40가 (서윤박허읍),032-292-7665,gangjinho@example.org
182,김지아,28063,강원도 안산시 반포대가 (수진김백리),043-129-9791,dgim@example.net
183,문상호,16116,경기도 춘천시 가락5로 (지영이마을),031-608-8689,gwangsu89@example.com
184,이혜진,45960,경상북도 동해시 도산대01거리 (은주이읍),062-050-1381,haseongjin@example.net
185,장현준,58062,경상북도 서산시 강남대로,032-203-4400,hgim@example.net
186,이영길,07453,대구광역시 금천구 반포대847거리,010-6065-4023,sanghyeongo@example.org
187,이상현,21351,경기도 수원시 영통구 테헤란로 (성훈박박동),055-844-7170,ri@example.com
188,강영자,18698,제주특별자치도 수원시 팔달구 압구정로,017-618-0622,ijihu@example.org
189,최민수,83402,전라남도 청주시 흥덕구 백제고분1길 (상현장읍),053-905-6021,hongsangceol@example.com
190,이건우,71755,대전광역시 은평구 강남대03가 (승민김마을),032-547-8187,jeonghunryu@example.com
191,박아름,92761,광주광역시 강서구 석촌호수길 (은정정면),02-9070-2313,jeonghogim@example.com
192,박정식,97772,경상북도 군포시 서초대24거리 (은정양리),064-750-9240,jeongsuni@example.com
193,한은경,49786,인천광역시 마포구 백제고분69거리,011-267-7098,eunjubag@example.net
194,김명숙,89470,세종특별자치시 용산구 석촌호수거리,051-948-1389,jeongunggim@example.org
195,이선영,67924,강원도 철원군 봉은사길 (영자김박면),063-705-0698,qyun@example.org
196,고수빈,73726,경상남도 성남시 분당구 개포702길,043-285-7403,imigyeong@example.net
197,윤수진,76847,전라북도 단양군 반포대8로,042-021-2185,eunjeong14@example.org
198,장지훈,57737,인천광역시 강서구 잠실0거리 (상철최리),018-406-2442,yeongsugyun@example.net
199,김진우,17822,전라북도 용인시 처인구 가락151길 (성현김심동),016-127-4412,coeseonghyeon@example.com
200,이지민,18392,울산광역시 강서구 개포6길 (미숙오윤동),044-010-4352,jihye90@example.com
201,박서준,92659,대구광역시 서대문구 가락가 (하윤노이면),02-4175-3699,minjungim@example.net
202,김영호,29726,부산광역시 서대문구 반포대거리,016-693-8638,isunog@example.net
203,문재현,27994,부산광역시 영등포구 선릉길,016-738-5341,caeweon31@example.org
204,이재현,36474,인천광역시 관악구 서초중앙거리,055-280-5738,ocoe@example.org
205,홍수진,19582,대구광역시 동작구 잠실거리,032-284-9424,juweonyun@example.org
206,최순자,52091,대전광역시 강남구 역삼174로,051-000-6877,munsubin@example.com
207,이지아,41600,대전광역시 남구 반포대로 (상호김김읍),064-701-8231,umin@example.net
208,최성민,93994,경기도 청주시 상당구 도산대거리 (성진윤마을),063-297-1026,eunji69@example.net
209,김혜진,07579,대구광역시 용산구 논현로,02-6950-9208,ucoe@example.net
210,김준혁,54423,인천광역시 도봉구 논현31로 (영미장백마을),032-943-6468,mhan@example.com
211,정영철,82936,울산광역시 도봉구 석촌호수거리,053-943-1984,jcoe@example.org
212,박영환,88778,세종특별자치시 구로구 강남대로 (서현박송면),061-833-3928,jinu60@example.com
213,조영환,22108,전라북도 옥천군 서초대거리 (지아민리),051-296-3328,kca@example.org
214,김동현,31478,전라남도 수원시 영통구 개포거리 (영철손김면),062-783-7455,doyun66@example.net
215,최서영,03986,충청남도 옥천군 오금692거리 (유진이읍),063-783-9759,ogwag@example.com
216,최지현,12611,경상남도 용인시 삼성거리,016-939-5901,ijia@example.com
217,김순옥,73573,대전광역시 금천구 압구정거리,061-358-8266,sanghyeonbag@example.com
218,김진호,66946,세종특별자치시 중랑구 서초대56로 (경숙김박리),032-583-2938,jiweon29@example.com
219,김재현,65625,경상북도 하남시 테헤란가 (예은하최동),062-140-1533,rna@example.net
220,이서준,91959,전라북도 논산시 서초중앙길,044-481-7100,yeonggil47@example.net
221,배예은,85189,부산광역시 동작구 학동16거리,055-899-8651,bagjeongsun@example.net
222,김성호,55586,전라북도 철원군 석촌호수108길,02-7094-9723,qi@example.net
223,류동현,75199,제주특별자치도 태안군 학동3길 (영식곽마을),031-906-6469,xgim@example.net
224,박승현,13244,경상남도 태안군 영동대거리,061-204-5039,haeungim@example.net
225,양상철,13003,울산광역시 동작구 삼성2로,010-8982-9562,yunyeongceol@example.net
226,이준호,65236,경상남도 음성군 테헤란268가,02-8840-3545,yeongsu73@example.com
227,손현우,65486,울산광역시 종로구 반포대618가,051-931-7205,lgim@example.com
228,강서연,47255,인천광역시 강동구 봉은사513로,018-352-1863,yeongsuhwang@example.com
229,박정남,99542,서울특별시 구로구 강남대길 (은경류리),043-293-4053,eunseocoe@example.net
230,이명숙,28020,인천광역시 송파구 가락651거리,042-535-9319,minseo03@example.org
231,최명자,93987,전라남도 부천시 원미구 선릉가,019-936-7309,gimminjae@example.com
232,구지연,67760,대전광역시 도봉구 역삼9거리,064-713-6565,seongsu78@example.com
233,홍예진,85024,충청남도 청주시 청원구 선릉041가,042-127-3762,isujin@example.org
234,김성현,40502,강원도 증평군 서초중앙거리,055-851-7211,yeweongim@example.net
235,김지후,29991,서울특별시 도봉구 양재천로,043-805-8576,yangjiu@example.com
236,박진호,91430,제주특별자치도 인제군 서초대539가,054-733-5023,fi@example.org
237,이도윤,91814,세종특별자치시 중랑구 백제고분거리,019-300-7046,jihun37@example.org
238,오영자,26697,경기도 음성군 석촌호수거리 (진우박마을),054-579-4977,jojimin@example.net
239,윤현우,61154,대전광역시 종로구 잠실거리 (지영김최동),02-9245-2534,mijeong53@example.net
240,김은정,56577,대구광역시 도봉구 봉은사가 (민지김박동),018-572-5399,ujin80@example.com
241,박성호,70958,울산광역시 강동구 가락로,010-1772-9485,jiyeong27@example.net
242,김지아,23751,경상북도 동해시 서초중앙27거리,02-3032-2458,hyeonu32@example.com
243,김정숙,30329,대전광역시 금천구 봉은사길,033-360-3484,seojihu@example.org
244,한재호,57076,전라남도 안산시 가락로,062-625-4415,ryumiyeong@example.org
245,김지훈,05379,경상남도 광주시 잠실749길,043-140-6927,ijunhyeog@example.net
246,김수민,36778,제주특별자치도 군포시 서초중앙0길 (경숙김읍),051-116-2529,qhwang@example.com
247,김지아,41985,서울특별시 양천구 석촌호수가,042-476-9063,cbag@example.com
248,구건우,10558,전라남도 고성군 가락9가 (정남권동),011-598-1435,bagjeonghyi@example.org
249,강준영,09866,제주특별자치도 부천시 원미구 백제고분가,011-749-2161,haeunyang@example.org
250,최정숙,89261,부산광역시 용산구 테헤란177가 (민석최읍),031-084-0622,seojuni@example.com
251,최미숙,30017,전라북도 계룡시 강남대길,017-056-6830,seoyuncoe@example.com
252,이상철,95563,세종특별자치시 동작구 삼성820거리,070-5723-9306,csim@example.org
253,김지은,11223,제주특별자치도 증평군 서초중앙44길 (은주김김면),031-213-1148,sanghyeon23@example.org
254,안영호,56530,경기도 부천시 오금38로 (하은양읍),018-389-3452,xi@example.org
255,신정자,25789,서울특별시 노원구 잠실7거리,061-475-0636,jiyeongsim@example.net
256,이종수,43022,세종특별자치시 남구 영동대04거리 (은영김읍),051-076-3689,caeweongim@example.com
257,이지훈,95653,대구광역시 강서구 석촌호수59로,010-8343-8929,gimjimin@example.net
258,김현숙,40851,전라남도 안양시 만안구 강남대가,070-2868-6100,ngim@example.org
259,홍광수,72657,경기도 고양시 봉은사837로,054-120-0985,migyeongjo@example.net
260,이춘자,40960,대전광역시 양천구 강남대79로 (준영박면),043-373-7150,miyeong29@example.com
261,김서윤,82740,강원도 오산시 강남대로 (영일류이읍),033-162-6337,minseogsin@example.net
262,박영자,70250,경상남도 청양군 잠실235로 (수진최면),054-266-9275,haeun91@example.org
263,진유진,56964,제주특별자치도 청주시 상당구 테헤란417길,019-577-6843,sangceolo@example.com
264,안서준,21066,충청북도 안성시 삼성가 (은서이리),032-099-4909,bagjeongung@example.org
265,박순자,78095,충청북도 괴산군 석촌호수로 (미영박동),051-222-4092,qgang@example.net
266,김진우,41379,제주특별자치도 고양시 석촌호수길,042-380-8766,yunseojun@example.com
267,김주원,85701,세종특별자치시 양천구 봉은사4로,017-728-8107,byeongceol80@example.com
268,이아름,43873,서울특별시 양천구 가락8거리,063-827-2528,minji53@example.com
269,이지원,09735,인천광역시 마포구 개포가,016-935-4258,igyeongja@example.org
270,홍숙자,19752,전라북도 남양주시 석촌호수92가,018-390-4210,ajo@example.org
271,김민지,74533,대구광역시 관악구 서초대길 (병철박리),019-124-8482,byeongceolbag@example.com
272,나영길,76436,강원도 구리시 봉은사576거리 (춘자김남읍),053-632-5152,yejin71@example.com
273,윤예은,15935,전라남도 화성시 언주거리,061-479-6136,kgim@example.com
274,이현정,70593,강원도 고양시 도산대479거리 (수진박읍),063-102-9332,seongminbag@example.com
275,김은주,29859,충청북도 보령시 논현거리 (정수오남리),041-857-5374,fgim@example.org
276,김영진,12683,대구광역시 서대문구 학동로 (보람김동),041-330-5460,ryun@example.net
277,장수빈,48822,서울특별시 서초구 반포대거리,018-875-6895,pgim@example.org
278,박광수,26374,경상북도 부천시 원미구 오금가 (정숙백면),044-243-5102,hyun@example.com
279,백정웅,39701,대전광역시 동작구 양재천거리 (동현김마을),011-721-6047,yujinho@example.org
280,이진호,75930,울산광역시 강서구 삼성6거리 (진호신박읍),061-592-5006,zcoe@example.org
281,박지아,77961,광주광역시 용산구 가락102거리 (지원오김리),011-100-7118,iheo@example.net
282,홍숙자,25454,울산광역시 서구 서초대거리,053-144-5285,lgim@example.net
283,박옥자,55961,세종특별자치시 성북구 도산대23가 (은지김면),018-872-9718,gyeongsuggim@example.net
284,박경희,86995,경기도 고양시 일산동구 선릉83길 (지원최김읍),055-103-0591,gyeongja95@example.net
285,안보람,89730,경상북도 태백시 테헤란거리 (광수백면),062-142-9369,gimhyeonju@example.com
286,김수진,51725,경상북도 인제군 가락74가 (보람이한읍),053-921-9581,sujin31@example.com
287,강도현,31017,강원도 청주시 서원구 봉은사로,051-303-3383,misugi@example.org
288,오도윤,30332,울산광역시 마포구 오금가 (준혁이최면),052-782-1798,gyeongja16@example.com
289,김서연,70521,전라북도 속초시 도산대86가,017-375-4938,hyejinseong@example.net
290,조은지,31175,울산광역시 강북구 논현거리,019-528-3126,seungmingim@example.com
291,최영식,64111,대전광역시 양천구 영동대로 (미숙김읍),016-596-6874,seongsuan@example.net
292,문성현,65855,강원도 고양시 덕양구 논현가 (지후김동),070-5913-7227,bagsunog@example.com
293,양시우,69781,대구광역시 강남구 선릉로,031-633-2631,sbag@example.net
294,강민지,11599,강원도 안성시 선릉가 (현숙강노면),044-707-3715,gimsiu@example.net
295,박민재,02127,인천광역시 금천구 가락가,054-997-3826,seoyeongsig@example.org
296,구은주,44574,전라북도 삼척시 잠실15로,052-352-9487,ijeongsu@example.net
297,김성수,52366,세종특별자치시 은평구 반포대로,064-774-0416,jiu55@example.org
298,배민수,94930,세종특별자치시 강서구 서초중앙6로,018-447-8004,minseog64@example.net
299,백성민,04367,충청북도 의정부시 논현203가 (성수최윤동),017-332-4360,gimgyeongsug@example.net
300,박영길,19657,인천광역시 동구 삼성41거리 (도현고읍),041-660-0517,jeongsugo@example.org
301,최경숙,71016,강원도 홍성군 역삼가 (동현이이리),062-172-8020,siu48@example.net
302,권영철,37116,충청북도 보령시 압구정거리,031-985-6572,ngim@example.com
303,김현지,35618,경기도 양평군 반포대110거리 (건우박박리),010-5330-6601,gweonsujin@example.net
304,안옥자,02500,대전광역시 영등포구 서초대길 (진우김읍),051-330-0281,eunseoyun@example.com
305,김예진,82293,대전광역시 남구 양재천126길 (서현박동),031-131-8894,jiagim@example.com
306,김옥순,30200,대구광역시 양천구 강남대264길 (지현박박읍),033-206-4432,areum71@example.com
307,이승현,20358,경기도 오산시 석촌호수8로,051-329-2026,seonghyeonhwang@example.net
308,노상호,17244,경상북도 금산군 서초중앙17로,019-897-9604,hyeonjuno@example.org
309,양성호,64699,충청북도 음성군 서초대359로 (승민이마을),016-409-6387,mgim@example.com
310,안경숙,27711,광주광역시 동구 삼성길,051-994-3397,qseo@example.org
311,강은서,31057,대구광역시 동대문구 양재천721가 (현우김동),016-544-7785,wo@example.org
312,박지현,20416,인천광역시 관악구 석촌호수가 (민수권마을),044-169-7157,jeongsu09@example.org
313,이상훈,91076,광주광역시 북구 서초중앙189로,054-899-0067,angyeongsu@example.com
314,김지아,03987,서울특별시 강서구 학동길 (민서김마을),052-087-9589,ujino@example.com
315,우미정,15077,인천광역시 금천구 반포대81길 (정훈이김리),019-119-2571,ycoe@example.org
316,김병철,98392,경상남도 용인시 테헤란35가 (미숙류읍),052-338-2459,minseogbae@example.com
317,김병철,40582,제주특별자치도 부천시 오정구 반포대812거리 (영환정리),052-945-8987,misug20@example.net
318,김숙자,25104,경기도 영월군 학동737길,032-630-6641,dgim@example.org
319,류재현,31847,경기도 고양시 덕양구 언주거리 (민석우읍),018-644-7082,yeongjin63@example.com
320,김정훈,22386,경상남도 오산시 테헤란가,064-779-2470,baghyeonjun@example.com
321,김수민,59370,제주특별자치도 정선군 역삼로,055-102-9232,ai@example.org
322,김민석,95684,경상북도 여주시 백제고분714가 (순자차동),011-335-3252,eunji19@example.net
323,임현우,11279,인천광역시 양천구 언주96길 (재호김동),063-538-0172,gimseongjin@example.com
324,한유진,67330,전라북도 영동군 석촌호수560로 (민수김구리),055-121-6947,minseogbag@example.com
325,황재현,58617,인천광역시 중구 봉은사가,064-776-9221,iyeongmi@example.org
326,류지민,42397,전라북도 용인시 기흥구 잠실가,018-774-7839,yeweongim@example.com
327,김성호,33681,울산광역시 강동구 봉은사거리 (서윤김면),053-854-1680,ansunja@example.net
328,고상훈,91486,전라남도 용인시 기흥구 봉은사4길 (지우김김마을),062-707-7837,coeogsun@example.com
329,권병철,99365,인천광역시 서구 양재천32거리,064-786-3418,bagseongsu@example.net
330,민상철,68005,제주특별자치도 양양군 서초대거리 (현지김면),042-589-3145,jiugim@example.com
331,김미정,29156,대구광역시 구로구 서초중앙거리,018-896-0083,seoyeon05@example.net
332,박선영,65721,충청남도 수원시 권선구 강남대5거리,032-056-6329,jaehyeon58@example.com
333,노동현,03597,세종특별자치시 영등포구 도산대4거리,033-373-3862,noyeongsu@example.com
334,김현지,37531,부산광역시 강서구 반포대31길 (하윤정면),061-984-8073,jiyeon70@example.net
335,한상훈,19845,경상북도 광주시 테헤란7로 (서윤민동),02-4931-1700,vbae@example.com
336,이미정,88517,경상남도 고양시 오금75가 (정숙안읍),044-546-1287,mgo@example.org
337,박유진,10996,제주특별자치도 충주시 선릉706로,064-799-5679,caeweon39@example.net
338,이정훈,44466,인천광역시 북구 논현거리 (춘자권김읍),055-218-5807,jeonghyi00@example.org
339,류재현,21325,광주광역시 강북구 테헤란196길 (영호고안리),031-500-0924,minjae04@example.com
340,김서윤,19091,대전광역시 양천구 봉은사로 (상훈홍박면),063-599-8526,yunseo15@example.net
341,이주원,98116,세종특별자치시 송파구 서초중앙40길,051-353-5537,handohyeon@example.net
342,박우진,93755,제주특별자치도 횡성군 봉은사0거리 (정호이리),055-600-4638,yeongho61@example.org
343,김정희,01346,울산광역시 송파구 백제고분로 (하은문리),011-698-7158,hyeonji88@example.org
344,이유진,65180,세종특별자치시 관악구 역삼268가,041-497-2877,yeeunjang@example.net
345,박미숙,21623,강원도 홍천군 봉은사가,064-758-0239,yeongmi96@example.org
346,송재현,28002,인천광역시 광진구 테헤란3가 (광수황동),051-944-5110,yeongmi00@example.org
347,김영일,80437,경기도 증평군 서초대거리,055-832-8128,jeonghyihan@example.com
348,김순옥,62265,제주특별자치도 청양군 반포대가 (수빈최우리),064-700-4148,hgim@example.com
349,홍중수,98631,대구광역시 강서구 선릉가 (은서이최리),043-850-3981,ei@example.net
350,이준서,70443,경기도 파주시 역삼길,061-215-2831,gimyujin@example.net
351,전상현,15665,경기도 단양군 테헤란길 (승민박리),011-373-1350,jungsu74@example.org
352,박주원,95211,대전광역시 강남구 학동4로,062-994-0898,eunjeong83@example.org
353,신진우,51126,울산광역시 강북구 압구정길,02-2020-6516,byeongceolgim@example.com
354,황순자,54502,대전광역시 금천구 서초대8거리,064-732-6139,munsujin@example.com
355,홍정자,80608,울산광역시 성동구 언주5로,042-965-9306,juweon33@example.org
356,이진호,83350,광주광역시 노원구 오금로 (지민한주리),011-244-9915,yujin90@example.com
357,김영희,04471,경상북도 홍성군 서초중앙4가 (영환김리),054-988-8796,gimhyeonju@example.com
358,차병철,43186,경상남도 구리시 삼성거리 (옥순최동),011-674-0872,nodoyun@example.com
359,곽정자,45999,전라남도 용인시 기흥구 삼성64길,016-919-9533,minji39@example.org
360,김채원,94394,충청북도 횡성군 논현37거리,061-086-4454,bagseongjin@example.net
361,이서윤,48434,경기도 철원군 개포거리,053-234-5013,eunseosim@example.net
362,박지연,20881,서울특별시 서대문구 서초중앙거리 (성수김동),016-879-6744,sugja67@example.com
363,문영철,98883,세종특별자치시 서구 석촌호수977가,043-312-9127,jeongjagim@example.org
364,강정자,08430,경기도 고양시 덕양구 가락가,010-4092-5658,vbag@example.org
365,손민재,40490,광주광역시 강동구 서초대268길,054-846-4791,jihuo@example.com
366,박도윤,33960,대구광역시 종로구 가락813거리,016-242-2884,seongsubin@example.com
367,김미정,93491,세종특별자치시 동대문구 가락5거리,016-992-2325,jeongunggim@example.com
368,김하은,28807,인천광역시 노원구 삼성가 (미정김김리),033-642-7073,pgim@example.org
369,최영미,11278,인천광역시 성북구 삼성거리,052-912-5315,gimmijeong@example.net
370,박정남,52571,광주광역시 마포구 오금가 (영호박면),054-898-0541,joseongmin@example.net
371,김정식,44807,충청남도 구리시 논현68로 (재호주이읍),017-830-6111,areum66@example.com
372,임아름,53308,울산광역시 금천구 학동로,044-846-0845,jinugim@example.org
373,허상현,02715,경기도 군포시 반포대771길 (상현이최면),054-337-8991,jeongsu44@example.net
374,하옥자,60738,울산광역시 서구 오금98로,064-702-4369,fjo@example.net
375,배경숙,18231,충청남도 성남시 분당구 서초중앙04로,033-503-3979,seongjin81@example.org
376,이지후,98962,대구광역시 동대문구 봉은사22로,019-996-2495,jiugim@example.com
377,김영호,49756,서울특별시 북구 오금로,055-587-0766,gyeongsu70@example.org
378,박종수,72353,인천광역시 은평구 선릉589길,018-237-2949,jiyeon98@example.net
379,김민수,81494,울산광역시 도봉구 삼성로 (영숙김이읍),02-1094-2230,jihyegim@example.org
380,최미영,81835,대구광역시 서대문구 석촌호수길 (현지류읍),032-264-4528,migyeonggim@example.org
381,이정자,07336,경기도 가평군 선릉020로 (상현박김동),053-627-7061,areumryu@example.org
382,백민수,41778,세종특별자치시 금천구 논현924거리,033-412-9035,gimyeongsun@example.com
383,김상호,78071,대전광역시 마포구 서초중앙7가,063-099-9889,so@example.net
384,안시우,06946,서울특별시 성동구 서초중앙35로 (민지안김읍),062-333-8689,gimgwangsu@example.net
385,김병철,13535,전라북도 수원시 팔달구 잠실6길 (은지김이면),061-518-9150,hayun11@example.org
386,이영길,15490,경상북도 진천군 양재천가 (예진윤리),051-885-0339,jeongseojun@example.org
387,김지현,76445,강원도 안산시 상록구 도산대로,033-004-2501,jihusong@example.org
388,양수진,74836,충청북도 파주시 서초대거리,02-6346-4902,caeweon69@example.com
389,강서현,37528,부산광역시 동구 강남대거리,062-776-4683,seonyeongi@example.com
390,이경숙,07281,경상북도 시흥시 삼성거리 (서현서이읍),031-318-6332,hi@example.net
391,양성진,55475,광주광역시 중구 삼성로 (성훈진박리),052-335-4160,gimyejin@example.com
392,양은지,00210,경기도 횡성군 서초중앙5로 (지은유동),031-017-5187,fi@example.com
393,김광수,19704,경기도 파주시 도산대로,042-184-6683,fi@example.org
394,김선영,97230,광주광역시 영등포구 개포472가 (민서이리),031-398-2074,doyun80@example.net
395,박시우,93222,경기도 성남시 중원구 백제고분길 (도현안오동),011-978-0068,ci@example.org
396,황명숙,97334,광주광역시 도봉구 가락839로 (시우이심동),061-680-5986,vgim@example.net
397,오현숙,88014,강원도 속초시 봉은사521가 (재호류동),064-702-6408,mi@example.com
398,양은지,14742,인천광역시 금천구 영동대가,042-359-2991,sinseunghyeon@example.com
399,강서현,11370,경상북도 원주시 봉은사683길 (예원오동),031-318-7922,coegyeonghyi@example.org
400,김현주,90390,경기도 양구군 백제고분가,061-152-0521,jeongeunyeong@example.com
401,양옥순,78779,경상북도 삼척시 선릉199거리 (미정김백리),064-700-8221,yeeungim@example.com
402,이은영,00798,서울특별시 관악구 개포3로,062-411-7151,gimujin@example.org
403,문준혁,39580,서울특별시 중구 반포대가,016-965-5826,yeongjinyang@example.org
404,손지연,12034,전라남도 이천시 강남대가 (승민김면),051-366-8984,goyeongil@example.com
405,서미정,60182,경상북도 광주시 강남대거리 (지민강윤리),054-945-6526,gimsugja@example.org
406,고상훈,33777,경상북도 홍성군 논현가,041-852-2912,bagjiu@example.com
407,배은주,34855,경상북도 홍성군 영동대97거리,061-081-4342,iyeongceol@example.org
408,서서연,32229,광주광역시 강동구 테헤란0가,051-335-3447,ygang@example.com
409,김현정,50096,충청북도 공주시 삼성6가,019-302-5374,seoyeong97@example.net
410,서지혜,97007,인천광역시 광진구 양재천가 (지연황박마을),062-308-4282,mseong@example.com
411,송주원,81538,광주광역시 서대문구 양재천가 (우진김양면),043-886-3491,oryu@example.org
412,노명자,36605,전라남도 군포시 오금거리 (민서한주리),051-114-4312,hi@example.com
413,강건우,88491,대전광역시 서구 서초대01로,011-655-7938,mijeong34@example.com
414,이예은,82635,경상북도 음성군 역삼로 (민석박동),011-121-0033,ibag@example.org
415,이서영,00924,경기도 안양시 반포대15가 (현지김이읍),064-717-5509,fgim@example.com
416,안정호,73440,충청남도 천안시 서북구 선릉8로 (현숙김읍),064-715-2798,minseo96@example.net
417,강성수,79991,광주광역시 노원구 석촌호수8길,019-130-4484,migyeongseo@example.com
418,이영자,63701,대전광역시 강남구 석촌호수길,011-078-1157,ogweon@example.org
419,박재호,39154,전라북도 의왕시 서초대길,063-285-4888,jominseo@example.net
420,이민수,95329,서울특별시 서초구 석촌호수가 (상철최동),054-912-3940,igyeongsu@example.org
421,김서영,54327,광주광역시 관악구 잠실63로,011-470-2737,ihyeonji@example.org
422,김정훈,52712,강원도 의정부시 양재천77가,011-438-3496,ihayun@example.org
423,백윤서,56329,대구광역시 강북구 역삼가,061-949-8592,tmin@example.net
424,장은영,18613,경기도 여주시 석촌호수로,062-644-1917,pgim@example.com
425,이승현,27271,제주특별자치도 여주시 도산대15로,032-456-1857,gyeongsu26@example.com
426,김은경,25962,전라남도 여주시 언주70로,051-203-8126,jyun@example.net
427,이민준,13116,제주특별자치도 용인시 기흥구 가락81거리 (지원문문면),010-5087-1704,gimjihyeon@example.net
428,양영수,97406,서울특별시 중구 서초대로 (윤서이임면),054-766-7589,sgim@example.net
429,김영길,22981,서울특별시 남구 개포813로,019-959-4119,ti@example.org
430,오예진,96982,울산광역시 강동구 양재천89거리 (은주지면),033-417-8158,osong@example.org
431,배은서,09679,대구광역시 서초구 백제고분거리 (현우김노마을),061-504-3097,yeeungim@example.org
432,임성수,90023,전라남도 안산시 단원구 도산대76길 (진우장읍),053-041-1713,ogsunyang@example.net
433,박예진,35377,세종특별자치시 구로구 반포대001가,041-745-0427,bagyejin@example.net
434,박진우,31234,경상북도 군포시 잠실거리,02-3187-3537,baegyeongja@example.net
435,김옥순,01325,인천광역시 광진구 가락가 (상훈김마을),016-044-6673,ohwang@example.net
436,안서연,67939,울산광역시 북구 잠실37거리 (주원김심마을),052-173-3283,bagmisug@example.net
437,손서연,56660,경상북도 수원시 장안구 삼성95거리,011-002-8804,yeonghwan53@example.org
438,이지연,86580,서울특별시 남구 백제고분거리,064-730-7157,hyeonjeong63@example.com
439,박준영,90011,인천광역시 남구 도산대로 (하윤이읍),053-234-0885,iseungmin@example.net
440,손병철,94808,경기도 화천군 서초중앙길 (지영김면),051-944-9487,jeonghyejin@example.com
441,김현주,84696,인천광역시 마포구 개포로 (성현이김마을),033-925-1091,uryu@example.org
442,김진호,10294,인천광역시 북구 언주길 (현주김리),041-603-1046,coeseungmin@example.org
443,곽정훈,46273,전라북도 부여군 학동가,011-943-7068,ogsunju@example.com
444,김재현,77233,세종특별자치시 영등포구 선릉367길,070-9792-8012,hyeonjigang@example.net
445,구순옥,14003,울산광역시 노원구 언주78거리,032-798-9354,oseonyeong@example.org
446,김민석,18714,광주광역시 종로구 반포대가,042-117-2438,rhan@example.com
447,김준호,45231,강원도 양구군 석촌호수8로 (경숙고동),044-607-0017,anjihyeon@example.net
448,이성현,74400,전라북도 금산군 영동대4로,053-110-0384,vhong@example.net
449,김진호,51362,경기도 태안군 오금9로 (도현김최동),032-219-2195,miyeong57@example.com
450,이정수,11162,충청북도 부여군 가락5길,011-896-5917,yeeun77@example.org
451,안영수,58128,전라남도 시흥시 반포대300길 (민수김마을),052-706-6519,fgim@example.org
452,김건우,72267,전라남도 수원시 장안구 영동대8거리,031-509-9731,ogjagwag@example.com
453,문민서,39088,경상남도 계룡시 석촌호수152거리 (영길강이읍),019-754-6271,gweonmyeongsug@example.org
454,김영미,13940,제주특별자치도 용인시 수지구 양재천가,054-653-0217,gimjeongja@example.net
455,박재현,96150,전라남도 청주시 서원구 반포대로,042-337-6237,gimgyeongsu@example.net
456,송지아,56992,경기도 수원시 권선구 서초대로,010-1166-4276,qgim@example.net
457,김영식,25871,광주광역시 동대문구 도산대거리,055-742-0127,gimeunseo@example.org
458,서진우,83522,경상남도 부천시 원미구 학동44로 (영환남마을),064-727-8098,hwangyeongsug@example.org
459,최진호,75674,충청북도 수원시 테헤란로 (영희박마을),054-740-1523,wgim@example.com
460,류민서,22487,전라남도 진천군 오금99로,011-562-8553,songogja@example.org
461,이현정,88066,서울특별시 동구 잠실454길,070-3251-6167,seohyeon80@example.net
462,서도윤,23024,경기도 의정부시 잠실거리 (예지김안동),051-643-2936,jeonghyi61@example.org
463,홍현주,82524,세종특별자치시 영등포구 논현590거리,043-197-8177,oseungmin@example.org
464,김중수,36637,서울특별시 양천구 역삼거리 (민지김읍),055-026-7435,rgim@example.com
465,최도윤,27411,세종특별자치시 마포구 역삼길,041-133-9073,bhwang@example.net
466,최도현,09708,경상남도 군포시 영동대길,044-708-0934,jiyeong61@example.com
467,이옥자,42886,세종특별자치시 남구 양재천50길 (예은안리),016-999-6141,kgim@example.net
468,김춘자,80083,인천광역시 서구 언주가,043-588-5515,fbag@example.com
469,최미영,91553,전라북도 태백시 서초중앙4가,053-362-3919,jeongsu90@example.com
470,김예준,56770,전라남도 청주시 흥덕구 백제고분거리 (영환김동),052-963-3268,rbag@example.org
471,한예진,95247,전라북도 수원시 팔달구 가락07로,033-606-6279,jaehyeongim@example.com
472,이지연,69711,강원도 태안군 개포길,018-177-1351,yeongjinan@example.net
473,문영길,86796,충청남도 서산시 논현02거리,042-583-0478,yeeun06@example.net
474,김성호,19814,대전광역시 도봉구 서초중앙로 (미영김동),070-3195-3275,igim@example.net
475,이은경,17953,강원도 의정부시 도산대9가 (영식이면),033-732-9738,yangjieun@example.com
476,김영환,38918,광주광역시 은평구 역삼가 (동현강동),032-059-8615,yejigim@example.org
477,민예준,66394,광주광역시 남구 테헤란가 (종수송면),052-269-0720,hhwang@example.net
478,이광수,90071,충청북도 성남시 분당구 역삼0로 (도윤이윤읍),019-925-9593,jihugim@example.com
479,김영수,20838,경상북도 고양시 일산서구 역삼340가,051-958-2541,geonusim@example.com
480,나지은,24734,경상북도 여주시 백제고분거리,052-355-2363,jihugim@example.org
481,박수진,22313,전라남도 태안군 영동대9길 (지민김이읍),052-774-3598,mi@example.com
482,손지후,32598,대전광역시 마포구 강남대로 (민석김동),063-483-8142,igyeongsug@example.net
483,이예원,92285,전라남도 아산시 잠실로 (정호이읍),043-110-4268,bagminseo@example.org
484,박현정,97660,전라북도 안산시 서초중앙길,070-9472-9555,ti@example.com
485,이진호,95846,충청북도 고양시 일산서구 오금가 (은영김읍),064-768-9633,jongsuyun@example.org
486,장승현,64514,경기도 군포시 도산대로 (미숙박장면),031-842-6212,yeongsunno@example.net
487,허서연,75898,광주광역시 광진구 백제고분가,016-883-3992,siugweon@example.net
488,권지후,20003,대구광역시 강서구 개포길,063-220-1980,jihubae@example.net
489,김영진,14864,전라북도 보은군 언주가 (민서김김읍),064-776-8730,anjihu@example.org
490,이영미,29698,제주특별자치도 고성군 도산대072거리 (서현손면),031-699-1193,wcoe@example.org
491,황성수,33915,세종특별자치시 노원구 봉은사로 (수진윤손읍),064-751-1586,jinho98@example.net
492,이영철,32684,충청남도 태안군 서초대길,052-171-1795,jihye62@example.org
493,윤선영,90391,경기도 양주시 오금가 (시우최마을),011-820-4168,egim@example.org
494,남상훈,14868,강원도 부천시 오정구 강남대로,019-871-7465,jucaeweon@example.org
495,김성수,32191,충청남도 청주시 흥덕구 서초대64로,02-7547-3565,coejihu@example.com
496,김지우,88012,전라남도 광주시 잠실길,043-092-9107,iyeweon@example.net
497,이승현,18219,전라남도 청주시 서원구 영동대길,062-139-6425,xgim@example.com
498,김정훈,91664,세종특별자치시 도봉구 강남대거리,019-663-8460,ro@example.net
499,김현준,69433,울산광역시 강남구 서초대가,061-988-3690,ieunjeong@example.net
500,안지원,46393,경상북도 청주시 서원구 석촌호수299로,055-967-7632,aryu@example.com
501,김서현,21073,경상남도 금산군 강남대06거리 (혜진김동),070-3537-0397,sonsangho@example.net
502,정서현,00610,대구광역시 강북구 선릉34거리,010-0404-1289,cyang@example.org
503,황예지,84125,전라남도 진천군 양재천405길 (승민김강마을),061-196-5808,kbag@example.net
504,이혜진,41527,충청남도 영동군 논현8거리 (시우강리),031-911-1784,junhyeoggim@example.net
505,김채원,13445,광주광역시 서구 서초대길 (종수김문면),061-704-6239,gimminseog@example.com
506,장미경,18117,경기도 이천시 역삼13가 (경자장황동),041-928-9552,pi@example.net
507,안진우,46536,인천광역시 양천구 언주596거리,054-333-8484,oseonghyeon@example.com
508,백현주,02776,대전광역시 서구 백제고분868길 (정숙김동),043-147-2599,hyeonjun49@example.com
509,차순자,06151,부산광역시 용산구 양재천거리 (성훈김황마을),018-123-3519,jihu83@example.net
510,조준호,07428,울산광역시 서초구 강남대거리,062-340-3395,ijunhyeog@example.org
511,안영순,22922,울산광역시 금천구 서초중앙5가,070-1013-4716,mijeong91@example.com
512,김채원,62636,전라남도 양평군 테헤란가,019-314-5495,yunseo02@example.org
513,박진호,47314,울산광역시 마포구 논현98거리,019-729-0807,hgim@example.net
514,한선영,97034,전라남도 고성군 양재천가,031-123-2035,oi@example.com
515,박미경,30143,충청남도 고양시 일산동구 개포044거리,051-529-4362,byeongceolbag@example.com
516,김현준,65141,울산광역시 도봉구 도산대1가 (주원곽박면),010-0119-8373,junhoyun@example.com
517,나지원,52090,경상남도 천안시 서북구 선릉로 (미정김면),051-314-7685,hyeonsug75@example.net
518,박준영,78756,경상남도 영동군 잠실051길 (중수박이마을),041-010-9205,wgim@example.com
519,류현정,21511,세종특별자치시 송파구 학동262로,070-3497-0313,goseonyeong@example.org
520,김상현,47766,서울특별시 중구 학동20거리,042-778-9662,zgwag@example.com
521,황준호,07918,대구광역시 서대문구 백제고분62로,033-273-7918,cmun@example.com
522,김재현,89243,세종특별자치시 성북구 논현길,032-331-0522,seungminbag@example.com
523,심은지,55410,광주광역시 관악구 석촌호수길,031-579-3197,lhwang@example.net
524,이현주,18544,부산광역시 북구 테헤란로,02-3441-8047,jeongnamseo@example.com
525,민영진,90478,경상북도 안양시 만안구 테헤란22거리,011-833-7422,hyejingim@example.net
526,김명숙,81377,경상남도 금산군 오금거리 (종수양김리),055-973-4362,sanghun29@example.org
527,최지은,58011,강원도 제천시 도산대가 (상호백읍),033-733-5498,sunjai@example.org
528,이현정,88590,경기도 횡성군 영동대61길 (준영김서마을),016-379-7133,seungmingim@example.org
529,홍상호,23470,경상북도 청주시 흥덕구 강남대길 (정호김마을),051-389-1122,eunyeong77@example.com
530,김민지,46445,부산광역시 은평구 백제고분로 (선영박동),031-815-9593,hyejini@example.com
531,김민서,92804,충청북도 오산시 석촌호수016거리 (서연권박리),018-394-8881,hanjihye@example.com
532,이정웅,11455,전라남도 과천시 서초대로 (수빈김마을),054-570-8202,bheo@example.com
533,김현준,97679,경상북도 여주시 잠실길 (진호윤마을),010-4537-1523,munjihu@example.com
534,김정자,92188,서울특별시 은평구 반포대86가,042-947-9947,ijeongho@example.org
535,박현준,84392,충청남도 당진시 역삼3길,011-952-5191,ago@example.org
536,양동현,09331,서울특별시 서초구 봉은사가,054-385-7557,jaehoseo@example.com
537,이건우,18404,대구광역시 동작구 강남대길 (순자박리),017-582-5589,yunmyeongsug@example.org
538,문성현,32864,강원도 천안시 서북구 석촌호수가,044-415-7162,yeji26@example.org
539,박준영,54299,광주광역시 중구 테헤란길 (미경김면),010-6444-6243,sanghyeonsim@example.com
540,이민석,82164,경상남도 화천군 가락가,019-660-4633,jongsuu@example.net
541,엄성민,98070,경상남도 논산시 봉은사거리 (경자이김리),063-247-6569,gimeunseo@example.org
542,김예준,24914,전라북도 군포시 언주7길 (지현박동),052-125-1742,jiyeong94@example.org
543,류은지,42505,대전광역시 광진구 반포대거리,042-813-9018,pi@example.net
544,심예원,13116,인천광역시 서구 잠실거리 (은정김동),010-8189-4129,seungminju@example.com
545,박윤서,94935,강원도 의정부시 서초중앙479로 (민석류임마을),044-269-2872,hyeonsugno@example.net
546,최진호,55859,전라북도 청주시 상당구 테헤란로 (수민김강면),061-875-6071,hyeonji36@example.com
547,최정자,10837,경기도 성남시 중원구 영동대로 (경자김심읍),054-413-1909,pbag@example.net
548,이상훈,53804,광주광역시 남구 봉은사로,031-091-1194,gwangsugweon@example.net
549,박영희,99898,서울특별시 성북구 도산대거리 (병철문김읍),052-693-0992,gimjunseo@example.net
550,이예지,52756,인천광역시 송파구 역삼140로,018-370-4722,vgim@example.com
551,강영자,29665,서울특별시 양천구 도산대길 (성민김오마을),019-171-9808,yeongmigim@example.net
552,김민서,61469,부산광역시 금천구 선릉5길,033-081-6964,gimjaeho@example.com
553,최예준,88188,전라북도 괴산군 잠실569가 (민준강마을),064-750-6430,wgim@example.org
554,오지연,98151,경상북도 광명시 테헤란가,041-276-7555,yeongjincoe@example.com
555,이정희,38575,경기도 청주시 상당구 테헤란4로 (준혁김읍),019-374-1002,hyeonju74@example.com
556,김정훈,10200,제주특별자치도 부천시 원미구 서초중앙828길 (건우윤마을),061-960-8775,znam@example.com
557,이미정,73647,전라남도 고양시 덕양구 선릉거리,061-683-2743,donghyeon74@example.com
558,김지우,59717,대전광역시 북구 개포길,062-291-3389,xna@example.net
559,이숙자,98073,울산광역시 양천구 영동대로,062-722-3327,sangho64@example.net
560,홍예원,88427,광주광역시 용산구 역삼57거리 (유진오류마을),064-799-5303,vji@example.com
561,최경희,16237,세종특별자치시 금천구 백제고분11로 (옥순박양읍),064-765-2403,sanghyeongim@example.net
562,백지연,07247,경기도 부여군 영동대225길,011-942-6825,wmin@example.net
563,김도현,86383,전라북도 당진시 도산대가 (상호강동),018-813-8228,sangceolgang@example.org
564,최민재,82651,경상남도 의왕시 가락거리,051-446-7838,jeongsun33@example.com
565,이경수,54435,제주특별자치도 금산군 가락660길 (현정박리),043-708-1074,junyeong39@example.com
566,김진호,26334,서울특별시 송파구 압구정거리 (춘자이동),02-8370-5364,bagsugja@example.org
567,이지원,45705,대전광역시 은평구 잠실625거리,064-714-3987,jaehoyun@example.net
568,김지후,39933,울산광역시 성동구 영동대53거리,070-9300-7603,sanghogo@example.com
569,황상호,17368,서울특별시 서대문구 백제고분6로 (우진박박마을),055-813-2600,wbag@example.com
570,김성민,58272,세종특별자치시 서구 개포03길,055-542-5604,oyun@example.org
571,이아름,83527,경상남도 수원시 백제고분63길,052-623-1928,iyeongsun@example.com
572,권주원,12036,경상북도 안산시 단원구 언주59가,018-664-6986,ci@example.net
573,김예은,15527,강원도 용인시 압구정5거리,02-3342-0095,yejunjang@example.com
574,김민석,67237,경상남도 용인시 석촌호수206가,052-505-8638,seonghyeongweon@example.org
575,이정식,93556,서울특별시 성북구 언주1로,011-336-1854,sonjiyeong@example.net
576,권은주,89068,대전광역시 도봉구 역삼8가,043-102-6534,minjihwang@example.org
577,김광수,82828,광주광역시 종로구 개포로 (순자황남면),043-100-3022,yeongjin78@example.com
578,배건우,70125,제주특별자치도 시흥시 백제고분816로 (영희김마을),051-777-5592,yeongjinhong@example.org
579,문영환,37580,경상북도 강릉시 잠실길 (춘자성면),033-104-0269,vseo@example.com
580,박종수,64966,광주광역시 광진구 가락가,019-161-3949,ryujeongja@example.org
581,문도현,94625,전라북도 평창군 언주거리,041-834-8887,iyeongja@example.com
582,하상현,56082,서울특별시 광진구 가락길,052-249-4839,jungsuji@example.net
583,이민수,21573,전라남도 이천시 봉은사8로 (준영주마을),044-531-0428,gimgyeongsu@example.net
584,박상철,76372,경기도 수원시 영통구 강남대4거리,062-722-7761,gimjihu@example.com
585,김은영,56209,강원도 용인시 백제고분로 (은서이면),053-835-2582,yunseohong@example.com
586,김영환,99348,인천광역시 은평구 석촌호수로 (은서안이면),033-202-4237,mgim@example.org
587,문진우,72145,울산광역시 도봉구 석촌호수107가 (지영박이마을),051-385-1279,hyeonjugim@example.org
588,박지훈,08761,부산광역시 노원구 잠실거리 (예진이이읍),010-7815-7120,jeongungryu@example.com
589,권준영,88057,전라남도 공주시 압구정558로 (예지김장리),055-553-4717,ugo@example.org
590,이진호,07407,울산광역시 송파구 언주84거리 (승민박지마을),017-690-7215,bgim@example.net
591,서명숙,14995,충청남도 부천시 소사구 양재천거리,054-907-5571,seonghyeon14@example.net
592,이예준,27595,세종특별자치시 서구 백제고분길 (순자박윤읍),019-961-6547,ijihun@example.com
593,김은경,93427,경상북도 금산군 선릉48가,033-160-3112,qi@example.com
594,김준영,10432,경기도 양양군 논현거리 (지우최면),063-114-3519,mgim@example.org
595,류지후,54535,세종특별자치시 강서구 오금거리,019-421-4523,gimyeonggil@example.net
596,김우진,87161,인천광역시 강서구 백제고분가,055-181-9482,qhong@example.org
597,오정호,57118,경상남도 증평군 선릉거리,062-100-4079,fi@example.com
598,김예진,44120,전라남도 화천군 영동대길 (은서송안읍),018-576-1507,iyang@example.com
599,김민준,60452,제주특별자치도 시흥시 양재천576가,011-493-8706,heomigyeong@example.org
600,최도현,84525,서울특별시 은평구 서초중앙가 (성훈김동),052-526-9501,zsim@example.org
601,김현준,88767,대전광역시 강동구 테헤란6거리,064-745-2764,mijeonggang@example.com
602,심경숙,17038,충청남도 부천시 원미구 역삼336거리,016-150-0995,songboram@example.com
603,김성민,25656,제주특별자치도 영월군 삼성거리 (지현권김동),052-017-8372,gimjinho@example.com
604,조아름,39686,부산광역시 종로구 서초중앙로,052-960-8217,zi@example.net
605,최춘자,36105,광주광역시 동대문구 개포가,063-079-4382,qgim@example.com
606,최옥자,76328,세종특별자치시 영등포구 테헤란거리 (영환서김면),016-464-6451,ri@example.com
607,김서영,62111,제주특별자치도 성남시 수정구 봉은사길 (지혜김서읍),02-2171-0704,areum48@example.org
608,하수민,48581,경상남도 청주시 흥덕구 잠실9가 (정자하이읍),062-752-9541,yeongsungim@example.org
609,김현지,64519,제주특별자치도 수원시 압구정가 (현우강진마을),02-8661-4112,ihyeonsug@example.org
610,나지원,09191,인천광역시 서대문구 봉은사620길 (영길홍이동),019-039-3277,subin01@example.com
611,이지아,70720,경상북도 청주시 상당구 영동대3로 (영철이면),062-609-4008,yeongceoljeong@example.com
612,차정훈,80685,대구광역시 강동구 학동로,062-113-0443,doyunjo@example.org
613,한재현,81373,경상남도 안양시 언주로 (보람김마을),044-289-1374,minseog67@example.com
614,이예준,78973,강원도 군포시 역삼길,061-344-6186,minsu19@example.net
615,심상철,22986,제주특별자치도 안산시 상록구 양재천가 (예준심읍),055-686-0376,hasanghun@example.org
616,이지은,17973,울산광역시 강남구 언주74길 (정식최이면),061-897-9239,ibae@example.org
617,김종수,60807,제주특별자치도 청주시 상당구 강남대0로,062-333-0850,hyeonjunbag@example.com
618,박종수,89160,광주광역시 북구 백제고분거리,053-858-2507,gmin@example.com
619,김병철,82198,경상남도 수원시 가락거리 (예지이이리),062-525-0630,yeongsui@example.org
620,김민서,00883,서울특별시 강서구 오금20가,064-775-6468,yujingim@example.org
621,권지원,76018,제주특별자치도 성남시 강남대가,064-783-1700,jeongjai@example.net
622,박옥자,98402,인천광역시 중랑구 석촌호수5거리,031-543-3698,munjaeho@example.org
623,박은정,58013,광주광역시 중구 반포대가 (건우김박마을),055-303-1501,yeongja11@example.com
624,노예진,81750,경상북도 안산시 단원구 학동11로 (상철김동),042-972-8899,mi@example.net
625,김선영,23714,대전광역시 동대문구 백제고분거리 (미숙이박동),052-953-6528,minmisug@example.org
626,이현정,04110,경상남도 성남시 중원구 테헤란009거리,061-462-2713,eunji40@example.org
627,김민재,01957,전라북도 안양시 논현길,019-659-3151,hyeonui@example.net
628,이서윤,12738,강원도 연천군 봉은사길 (성호황리),051-287-7640,yeweoni@example.org
629,남진호,80924,경기도 평창군 강남대거리,032-257-0015,jeongsubag@example.net
630,최도현,13867,경기도 논산시 석촌호수69가,061-686-4081,sanghosong@example.com
631,박지현,26164,전라남도 고양시 일산동구 강남대78거리,041-830-6896,gimjeongsu@example.org
632,한상철,61083,광주광역시 구로구 논현거리,042-857-0455,igyeongsug@example.net
633,김지훈,69671,경상남도 증평군 개포3로,061-115-9556,qbag@example.com
634,김숙자,49480,대구광역시 용산구 봉은사5가,033-791-7227,ni@example.net
635,우정희,33940,울산광역시 은평구 언주거리 (서현조김리),052-196-6818,jiyeon00@example.com
636,이현주,83196,서울특별시 북구 반포대06로,043-698-5306,gangjieun@example.com
637,김정자,23392,울산광역시 성동구 오금88로 (지현이읍),051-630-0932,gimboram@example.com
638,이영희,01657,충청북도 영월군 오금428로,02-0830-3361,agim@example.org
639,박지우,93414,세종특별자치시 성동구 언주가,053-907-7956,jiweon55@example.net
640,구성호,13371,강원도 성남시 분당구 가락로,044-086-9720,yejini@example.net
641,나도현,99989,인천광역시 광진구 압구정68길 (은경이박읍),054-294-7853,boram00@example.net
642,김영숙,19853,대구광역시 관악구 석촌호수94가 (정자강동),02-0219-7898,gi@example.net
643,박서현,46288,전라남도 안양시 동안구 영동대08길 (영자강리),054-593-4257,rhwang@example.com
644,이수민,85183,서울특별시 서초구 압구정79거리,032-549-7005,fgim@example.com
645,박준서,50399,전라북도 부여군 가락길 (준호이박마을),031-984-3908,gimjihun@example.net
646,박서영,55575,인천광역시 남구 반포대거리 (서현오김읍),043-910-6155,sunoggim@example.org
647,김상현,14728,울산광역시 광진구 언주7가 (순옥이문동),011-411-5695,ijunseo@example.org
648,김지훈,14568,울산광역시 강북구 도산대가 (지훈배동),061-666-5740,yeongsu77@example.org
649,우광수,78525,전라북도 안산시 테헤란로,016-271-5204,gimjeongsu@example.com
650,구광수,83663,울산광역시 송파구 가락거리 (준혁이이읍),019-497-5554,jaehyeon28@example.org
651,최도현,67309,제주특별자치도 평택시 역삼347로 (수빈박마을),051-410-7508,jeongho16@example.net
652,김정호,29545,대구광역시 종로구 언주길,053-389-0342,ugim@example.net
653,김정웅,01486,제주특별자치도 의왕시 테헤란69가,064-768-3266,ijeongja@example.com
654,김성진,37533,충청남도 용인시 기흥구 반포대가 (미숙오마을),070-1262-8098,xcoe@example.org
655,이예준,50296,충청북도 과천시 삼성길,010-3208-0649,eunjeonggim@example.net
656,최동현,31079,울산광역시 동구 역삼7로 (종수김김마을),011-784-6980,sangho32@example.org
657,김영길,40332,세종특별자치시 강서구 학동길,02-2025-1960,minjae01@example.org
658,윤준호,49241,강원도 동해시 도산대5가,017-441-2107,areumhong@example.net
659,양지아,11363,부산광역시 북구 강남대9거리,061-141-0565,bagsunja@example.net
660,박영호,58168,세종특별자치시 송파구 개포15로 (정수김면),042-360-5948,jangjunhyeog@example.com
661,김서윤,67156,부산광역시 구로구 도산대가 (아름오읍),044-390-5628,minseoseo@example.org
662,이지훈,53010,제주특별자치도 충주시 영동대가 (하은임오마을),052-916-0230,mi@example.com
663,김미영,06789,서울특별시 양천구 삼성길 (지연강리),018-306-0245,seonghobag@example.net
664,김혜진,70751,경상북도 제천시 선릉78가,041-893-3087,eunseohong@example.com
665,강민수,61942,충청남도 영월군 개포거리 (도윤김리),041-368-7567,tmun@example.org
666,배중수,34429,제주특별자치도 괴산군 오금로,064-742-8010,boram34@example.net
667,정재호,44097,울산광역시 은평구 가락가 (정희송윤마을),018-941-1939,yejincoe@example.net
668,이현지,64390,전라북도 고성군 석촌호수가 (시우성김면),017-039-4520,jiuyu@example.com
669,박성민,86352,대전광역시 동작구 역삼2길,055-219-0145,hyejin24@example.org
670,박경자,46216,서울특별시 노원구 양재천거리,051-709-0804,sanghyeongim@example.net
671,김준서,22780,울산광역시 구로구 압구정408로,033-394-4507,jieungim@example.org
672,안경수,12090,부산광역시 송파구 압구정가 (은서이동),011-520-3980,yudohyeon@example.net
673,이준혁,40947,울산광역시 서대문구 논현길 (예진곽이마을),032-734-5713,misug12@example.org
674,이재현,05608,대구광역시 양천구 서초중앙4길 (도윤오면),011-586-1732,gimseonyeong@example.net
675,이재호,37948,충청남도 증평군 서초대가 (영진문박면),055-814-3797,hongyeongceol@example.com
676,송미경,40400,경상남도 부천시 영동대29거리,064-754-2720,yeonghwan35@example.org
677,김성현,33214,전라남도 청양군 영동대781길,010-7762-7859,iyeongceol@example.net
678,황은서,71495,경상남도 용인시 영동대6가 (진우손이마을),033-338-8720,fyun@example.org
679,김종수,47716,광주광역시 광진구 압구정거리,052-132-3127,seongjini@example.com
680,류종수,17371,충청남도 이천시 석촌호수거리 (예원이면),032-143-2047,ryujaeho@example.com
681,오준혁,84891,울산광역시 중랑구 강남대길 (미정오송동),033-899-8045,eommisug@example.com
682,권정수,53499,세종특별자치시 노원구 잠실로,063-345-3723,doyun90@example.net
683,박옥순,16000,제주특별자치도 청주시 상당구 석촌호수60로,033-882-8330,sugja84@example.net
684,이경자,23718,대구광역시 관악구 선릉41로 (영철진리),051-803-3891,oi@example.com
685,김정호,18388,제주특별자치도 안산시 압구정로 (서현이리),017-821-8093,hyeonjeong79@example.org
686,김정순,91944,세종특별자치시 관악구 서초중앙55가,019-212-4843,seoyungim@example.org
687,김정호,54637,울산광역시 강동구 석촌호수9거리,070-6747-2155,gimgwangsu@example.org
688,강상훈,27800,전라북도 안양시 선릉554거리 (지원김읍),053-016-2950,ogsunhong@example.net
689,안미정,72281,광주광역시 종로구 봉은사7거리,063-969-9567,sugjai@example.com
690,김서윤,49876,경기도 철원군 양재천5가,02-2502-3642,jiyeon63@example.org
691,박시우,52638,경상북도 서천군 개포로 (명숙장강동),017-274-5856,miyeonghan@example.org
692,한성호,62788,경상북도 의정부시 언주08거리,054-343-4335,ogjabae@example.org
693,박순자,70061,전라북도 부천시 원미구 테헤란가,018-083-0280,jeonghyibag@example.org
694,박예원,29534,울산광역시 양천구 논현길 (도윤김김동),02-9529-0126,iseojun@example.org
695,문성현,48708,경상남도 단양군 압구정거리 (명숙배동),010-0416-5420,iyejun@example.org
696,조옥자,54137,서울특별시 성북구 언주75거리,031-984-3547,sgim@example.net
697,김광수,86928,대전광역시 서대문구 도산대가 (지후안김동),018-189-6568,misuggu@example.com
698,이성현,12769,전라북도 청주시 상당구 도산대73로 (현우조홍리),061-786-5088,myeongja76@example.com
699,권민재,74955,제주특별자치도 안산시 단원구 선릉가,017-350-8722,sbag@example.org
700,곽경숙,40345,경상북도 과천시 논현930로,031-987-4717,haeun06@example.com
701,윤영환,97956,서울특별시 광진구 오금9가 (미경권읍),018-640-4800,junhyeog60@example.net
702,이하은,80147,전라남도 정선군 역삼8가 (우진이김동),031-225-2189,minyeongceol@example.net
703,김지민,47974,충청남도 철원군 테헤란67로 (영환김면),062-057-9460,seongjingim@example.net
704,이수민,55961,세종특별자치시 마포구 봉은사0거리 (정호김강마을),011-538-2516,ei@example.net
705,류은영,91949,전라북도 홍성군 도산대로,054-975-5616,sangceol73@example.net
706,강은서,94846,충청남도 성남시 중원구 학동가 (진호강리),033-543-8437,mbag@example.org
707,장경자,25401,전라남도 안성시 논현997가 (민수이마을),041-179-9734,geonugweon@example.net
708,이준서,69374,인천광역시 마포구 반포대길,017-652-7971,gimsunog@example.com
709,송지현,94833,전라북도 여주시 가락로 (서윤김동),018-225-3286,myeongja75@example.org
710,박지민,68820,충청북도 천안시 동남구 서초중앙거리,055-812-6104,coesanghyeon@example.org
711,김선영,42317,서울특별시 남구 역삼7로,031-928-4104,isangho@example.com
712,문우진,16048,광주광역시 영등포구 테헤란880로 (상철김읍),031-366-2635,coegyeonghyi@example.org
713,장민준,25493,부산광역시 광진구 도산대거리,053-804-6417,gimjeongho@example.org
714,김정호,37229,전라북도 청주시 청원구 압구정거리,018-215-2595,gyeongjaan@example.org
715,권서영,93426,충청북도 광주시 오금2로,053-745-1774,ogim@example.org
716,류영자,56362,광주광역시 구로구 서초중앙길 (민준이이리),019-945-6102,gimmyeongja@example.org
717,배종수,14608,울산광역시 동대문구 삼성길,041-947-9702,cna@example.net
718,고영호,48427,대구광역시 양천구 서초중앙가 (영진김리),011-309-9839,ggim@example.com
719,김영길,42075,경상남도 서천군 강남대752거리,070-8005-8178,sumingang@example.com
720,김현정,38178,인천광역시 강북구 봉은사051로 (민석김지리),062-431-3308,seonyeongo@example.org
721,박도윤,83113,대구광역시 중구 개포619로,033-622-3457,li@example.net
722,서은정,58541,경상북도 진천군 가락가,052-817-0878,qbaeg@example.com
723,홍진우,57899,울산광역시 동구 테헤란가 (지현김면),064-775-0491,vbag@example.org
724,배명자,68133,광주광역시 북구 언주로,011-784-3276,jeonghyigim@example.net
725,김경희,07068,부산광역시 강남구 논현거리,063-233-7216,iyunseo@example.net
726,박순자,32190,대전광역시 강남구 석촌호수거리 (성수이김읍),064-785-6204,bagjaeho@example.net
727,이지훈,98736,광주광역시 강남구 봉은사94거리 (서현김이면),032-118-2120,ijeonghyi@example.com
728,김우진,86758,광주광역시 서구 개포578로,010-4295-7597,gimsunog@example.com
729,한현숙,91957,경기도 이천시 서초대로 (준혁김읍),041-935-4590,gimogja@example.com
730,황경숙,53467,충청남도 평택시 오금길 (정희김마을),033-100-0022,jieun53@example.net
731,김준영,57498,경기도 고양시 덕양구 강남대677거리,052-819-0278,pseo@example.net
732,김성훈,35789,강원도 아산시 테헤란길,064-737-0513,jeongunggim@example.net
733,박지영,01338,세종특별자치시 동구 봉은사00거리,032-227-1982,bagmigyeong@example.com
734,김진호,20017,대전광역시 마포구 논현거리 (예원이리),043-524-5959,sangceol52@example.com
735,김정웅,41182,세종특별자치시 광진구 역삼63길 (지후이면),033-616-1600,jeongsug06@example.net
736,이현주,72168,강원도 수원시 권선구 반포대길 (성현박박동),043-775-9552,ihyejin@example.org
737,홍동현,46793,울산광역시 구로구 언주거리,070-7178-5801,iyeonghyi@example.org
738,박선영,10902,경상남도 부천시 오정구 압구정거리,02-0777-2248,jihu06@example.com
739,박서윤,72187,대구광역시 서구 영동대63길 (진우구최마을),053-522-8967,juweon26@example.org
740,김승민,48499,충청북도 홍천군 테헤란길 (현주김마을),055-594-3479,jongsu69@example.org
741,오민준,92090,경기도 여주시 언주가 (춘자이면),063-687-3041,gimjiyeong@example.org
742,김미영,38556,광주광역시 노원구 석촌호수4로,019-585-2836,bcoe@example.org
743,이아름,22365,울산광역시 광진구 봉은사6거리,011-180-7543,qgim@example.net
744,장예준,73822,전라북도 하남시 개포길,052-149-0651,jeonghobag@example.org
745,류준혁,36797,충청북도 부천시 오금길 (지민우마을),010-7290-9891,hyejinhwang@example.com
746,이예원,07771,전라남도 포천시 잠실길 (예은김김리),064-737-1543,sujinbag@example.com
747,김상훈,41504,울산광역시 동대문구 봉은사49거리 (지아강손읍),018-184-6916,jeonghyigim@example.org
748,송영식,71680,경기도 오산시 영동대321길,064-727-9896,gimyeongsu@example.net
749,유명자,98306,인천광역시 송파구 논현로 (보람심마을),055-603-1369,xan@example.net
750,이지영,88431,강원도 강릉시 논현거리,02-0292-7112,igim@example.com
751,이서영,31973,경기도 삼척시 백제고분로 (순옥안장읍),064-769-8687,ijunseo@example.net
752,김정훈,70729,제주특별자치도 동해시 백제고분91길 (현지나류읍),062-318-4363,ecoe@example.com
753,송영길,45668,충청북도 보령시 가락로,054-091-3053,iyeongja@example.net
754,류광수,86760,부산광역시 용산구 개포로,016-988-6040,si@example.net
755,이서윤,70537,충청남도 안양시 만안구 영동대가 (경수백지읍),02-1201-1258,iyang@example.net
756,서경자,81104,전라남도 춘천시 논현041길 (준서김면),054-209-8985,minsuyun@example.org
757,박영숙,28323,서울특별시 용산구 가락8가,052-645-6220,yeongceol65@example.org
758,안정훈,76417,부산광역시 서구 선릉69로 (현준김김동),051-156-1929,jiweonjeong@example.com
759,이유진,19124,서울특별시 강서구 서초대358길 (도현이최읍),017-507-1856,icoe@example.com
760,정현지,66103,전라남도 영동군 테헤란거리,051-457-2026,hu@example.net
761,김보람,82730,울산광역시 서구 양재천로 (아름문면),019-313-4255,gimjihun@example.org
762,서민서,04255,광주광역시 남구 강남대거리 (정남이읍),033-613-6413,eunjubag@example.net
763,홍지후,25810,세종특별자치시 영등포구 서초중앙302거리 (성호황김읍),017-474-9299,seongjin86@example.com
764,박경숙,19259,대전광역시 종로구 삼성17길 (영자장김리),032-741-3891,gimmijeong@example.org
765,이영자,12903,충청남도 서천군 반포대길,011-722-2618,anyejin@example.net
766,최영수,64488,경기도 태안군 서초중앙2로,018-627-2282,nbag@example.net
767,유민석,22593,대구광역시 금천구 반포대길,032-817-1529,gyeongjabag@example.org
768,김예지,63064,전라북도 서산시 잠실7거리,052-541-3696,seonghyeon57@example.com
769,윤은영,84432,경상남도 연천군 선릉거리,016-718-6997,hyeonjeonggang@example.net
770,김순자,62606,서울특별시 중구 가락가,052-421-2917,mijeonghong@example.net
771,김상현,97410,강원도 오산시 양재천89로 (영자최읍),062-599-4609,igyeongsu@example.com
772,김준서,99061,대전광역시 은평구 논현거리,070-1249-6569,jimin95@example.com
773,박수진,21519,충청남도 안산시 서초대68로,052-550-0243,oi@example.org
774,강은경,12039,광주광역시 강북구 삼성6로,041-597-5349,baegbyeongceol@example.com
775,김유진,32491,세종특별자치시 마포구 백제고분가 (지후강읍),052-343-2236,hyeonsug65@example.org
776,장지원,34638,전라남도 삼척시 영동대52로 (정수김박마을),052-446-1334,hwangjeongung@example.com
777,장수민,46871,강원도 의정부시 가락0거리 (민서장오마을),062-718-3384,seongmin33@example.net
778,김수빈,30423,울산광역시 강남구 양재천로,053-664-4560,gyeongsu53@example.net
779,박경수,39861,인천광역시 강동구 서초대로,044-085-0323,doyun17@example.org
780,김춘자,32884,강원도 수원시 팔달구 백제고분가,051-986-2764,qcoe@example.net
781,김명숙,19014,광주광역시 강남구 삼성로 (경희강읍),017-553-4594,hyejin59@example.com
782,조정웅,31532,세종특별자치시 양천구 학동길 (현정조장동),032-042-3608,myeongjai@example.net
783,이예진,53630,인천광역시 용산구 서초대09길,02-1965-8198,eunyeong72@example.net
784,최수빈,07500,세종특별자치시 강동구 언주537길,064-793-9543,xi@example.net
785,박서현,27167,경상북도 예산군 반포대거리,055-518-0744,lcoe@example.org
786,김성현,49166,경상남도 안산시 상록구 도산대로,044-051-1631,gimjeongsug@example.com
787,박지혜,90437,경상북도 서천군 양재천길,019-136-9920,ijeonghyi@example.org
788,한예은,33964,대전광역시 송파구 오금로,042-912-4751,iyeji@example.com
789,이민재,22305,대구광역시 도봉구 삼성가,016-112-3128,yunseoi@example.com
790,황상현,56900,경상북도 안양시 만안구 삼성65로 (현정장동),018-752-7950,jiyeong59@example.com
791,박옥순,08203,인천광역시 동대문구 역삼3로,061-370-4110,jeongsunmun@example.net
792,박옥자,47909,충청북도 동해시 압구정5가 (은경김김마을),018-407-3823,jihuno@example.org
793,고혜진,34308,전라남도 서천군 가락97길,017-091-3747,ogim@example.com
794,서지원,12939,서울특별시 서대문구 언주52거리,02-2758-5340,gimyunseo@example.com
795,장민서,85196,전라남도 수원시 권선구 삼성8길 (영호곽면),051-220-6130,hyeonju60@example.com
796,권준영,11788,인천광역시 은평구 석촌호수3로,031-708-7874,seunghyeon02@example.com
797,서경희,82806,전라남도 속초시 오금41로,055-667-8218,jeonyejin@example.org
798,김예지,95810,인천광역시 남구 양재천길 (영자이이면),062-427-7122,gyeongja69@example.net
799,윤영호,70722,전라남도 파주시 삼성길 (현우황읍),018-230-5964,zi@example.net
800,박수빈,28094,강원도 남양주시 가락로,016-555-6726,seonyeong89@example.com
801,김지연,97411,세종특별자치시 중구 봉은사거리 (명숙문서리),070-1880-4753,gweoneunji@example.com
802,박수민,18097,부산광역시 동작구 영동대0거리 (서연김김마을),011-094-3200,gangyeonghwan@example.net
803,김민석,86003,부산광역시 금천구 가락06거리,016-257-2384,yeonghyii@example.com
804,이지민,97274,서울특별시 은평구 삼성680길,044-467-7536,baghyeonsug@example.org
805,홍춘자,86036,세종특별자치시 동작구 선릉로,044-330-9581,mbag@example.net
806,민진우,20363,대구광역시 강동구 압구정로,010-0027-1253,gimmisug@example.net
807,이동현,74664,인천광역시 금천구 잠실가,063-880-5206,caeweon33@example.com
808,진상훈,68009,서울특별시 광진구 가락가 (지연윤리),063-886-5268,ran@example.org
809,허정식,37313,전라남도 군포시 봉은사5길,016-459-0149,bnam@example.org
810,차지훈,40818,인천광역시 종로구 서초중앙거리,017-525-3579,bagboram@example.org
811,김중수,81638,경기도 부여군 학동로,016-690-0562,gyeongjagim@example.com
812,송예준,63985,전라북도 안양시 동안구 선릉38길 (광수김면),063-502-3854,imigyeong@example.org
813,김영길,60717,서울특별시 종로구 압구정가 (경숙이읍),032-055-8260,sumingweon@example.net
814,이준혁,90083,인천광역시 송파구 역삼74거리,031-728-4700,gimyeonggil@example.com
815,이승민,14324,광주광역시 북구 서초대76길,062-741-1178,junhyeogyang@example.com
816,박은서,68588,광주광역시 강북구 양재천가 (영철김김마을),02-4280-2835,jieungim@example.org
817,김준영,84839,충청남도 여주시 가락994가,011-127-1087,subini@example.org
818,김서현,45746,대구광역시 금천구 역삼649거리 (지현김리),033-232-2454,seonghungim@example.org
819,한춘자,47430,경상북도 수원시 장안구 석촌호수12거리,063-852-3376,juweoni@example.org
820,김춘자,56952,대전광역시 북구 개포로 (준서김백리),052-129-0428,hyeonsugjang@example.net
821,임순자,56139,충청남도 양평군 반포대523가 (예원김강면),032-134-9815,jungsugim@example.org
822,김유진,91797,대구광역시 양천구 압구정20길 (미영강리),062-469-8926,hyeonju99@example.net
823,윤정훈,59280,인천광역시 마포구 영동대172길,054-117-4831,yeongsui@example.com
824,김재호,99254,울산광역시 서초구 언주26거리,016-305-1838,vgo@example.com
825,민성현,48661,전라북도 음성군 오금6로,061-088-3425,sinjaehyeon@example.com
826,양승현,89996,세종특별자치시 종로구 도산대로 (현숙윤읍),044-528-9663,hyeonsuggim@example.net
827,박수진,71704,경상북도 의정부시 가락길,010-4248-7470,seongminson@example.net
828,박현주,87146,인천광역시 강서구 가락8로,053-389-1792,hgim@example.com
829,허승민,89619,충청북도 충주시 가락5거리,064-783-3022,myeongsug94@example.net
830,류시우,91345,강원도 고양시 일산서구 테헤란94가 (춘자안면),053-608-0581,haeuni@example.net
831,송명숙,32434,경상북도 청주시 서원구 가락길 (미정차이동),061-429-3641,minjae24@example.org
832,김중수,04937,인천광역시 서초구 학동가,033-443-7513,ogsungim@example.net
833,홍지아,01533,제주특별자치도 성남시 봉은사28거리,042-929-1951,doyun42@example.org
834,류순자,03567,울산광역시 중랑구 강남대169로,017-773-1480,jihyeon14@example.net
835,박서준,96056,제주특별자치도 고양시 덕양구 압구정81길,032-720-5144,sumingim@example.net
836,김종수,28430,울산광역시 서초구 삼성가,063-134-9864,oca@example.net
837,노수민,05307,제주특별자치도 평택시 반포대188길,032-227-9259,gimjiu@example.net
838,이하윤,91092,서울특별시 동대문구 서초대길 (보람김송읍),017-636-3894,dbag@example.com
839,최건우,31019,충청북도 용인시 압구정가 (하은이읍),016-408-9495,tgweon@example.org
840,이정웅,07183,경상남도 안양시 만안구 양재천로 (서윤김읍),070-5412-5208,gimseongmin@example.com
841,김승현,79766,서울특별시 성동구 언주로,062-079-3347,gimseongjin@example.org
842,이중수,95911,광주광역시 강남구 언주861길 (지영박권읍),018-791-5559,yeweon40@example.org
843,윤혜진,47552,인천광역시 강서구 강남대586거리,016-076-7197,seongsu05@example.org
844,김준혁,45404,세종특별자치시 남구 잠실2가 (은경강서동),062-520-3503,iseojun@example.com
845,서건우,30598,울산광역시 강서구 도산대길 (건우이리),055-692-0334,seongsubag@example.com
846,최중수,06108,전라북도 안성시 압구정44거리 (정자박면),052-747-9781,ai@example.org
847,박영철,81225,제주특별자치도 정선군 도산대길,018-463-2072,yunseonghyeon@example.com
848,박주원,19535,광주광역시 서구 학동로,042-325-1768,seoyeongi@example.net
849,김영길,69231,전라북도 금산군 압구정65거리 (정식안김마을),053-782-9791,jeongsugim@example.net
850,김선영,55446,대전광역시 마포구 삼성8거리 (정남김읍),052-165-0445,bgim@example.com
851,김수민,75012,경상남도 김포시 학동가 (영수박리),018-198-1192,minseog62@example.net
852,조정웅,94926,울산광역시 서구 오금길,011-916-5673,yeongja61@example.net
853,김춘자,78024,전라북도 증평군 언주840길,016-329-8312,idohyeon@example.com
854,김영숙,01577,광주광역시 강서구 압구정450길 (은주김윤리),041-072-4546,imigyeong@example.com
855,이준서,99379,전라북도 오산시 백제고분거리,016-515-2712,seunghyeon78@example.com
856,우진호,06018,대구광역시 강동구 백제고분로 (지영이면),055-551-5360,seongminji@example.net
857,박미경,03044,부산광역시 금천구 서초중앙524가 (재호백동),011-551-6904,jihui@example.org
858,배준서,97980,울산광역시 동구 영동대가,062-895-1871,yson@example.com
859,하수진,43162,대구광역시 마포구 언주가 (종수이리),011-052-0385,gimhyejin@example.com
860,차정호,27359,충청남도 성남시 분당구 영동대거리 (영숙이김리),043-378-6362,ci@example.org
861,류윤서,36208,대전광역시 강동구 양재천가,052-275-4586,dohyeonbag@example.com
862,진준호,02102,부산광역시 송파구 선릉4로,019-459-8319,jeonghyi31@example.net
863,박승현,26549,경기도 안산시 상록구 도산대003거리,054-675-1604,seongjingim@example.org
864,노정훈,29398,대구광역시 영등포구 테헤란길,055-491-4531,gimgyeongsug@example.net
865,류경자,45369,충청북도 아산시 서초중앙503거리,016-604-9646,vcoe@example.net
866,우지원,67584,경기도 철원군 반포대로,064-798-0754,seongmin46@example.com
867,김민재,28572,광주광역시 종로구 테헤란20거리 (정웅홍송동),02-4266-7654,gimogja@example.com
868,이지현,87274,전라남도 인제군 가락0거리 (현숙이김동),044-156-5885,hyeonju01@example.org
869,손정훈,12071,충청북도 양양군 압구정827로 (은지이이읍),041-799-4685,pgim@example.com
870,한중수,11902,충청북도 고성군 선릉로 (예진이윤동),019-709-2880,mijeong71@example.com
871,임정식,57958,충청북도 수원시 영통구 역삼거리,052-274-7555,jjang@example.org
872,김중수,52856,전라북도 안산시 상록구 잠실로 (숙자박이동),018-010-0800,yejun31@example.net
873,안병철,65519,전라남도 수원시 팔달구 봉은사로,051-184-7185,tcoe@example.com
874,김경자,08752,광주광역시 동작구 반포대792길 (영철안이읍),032-141-5453,minjun73@example.org
875,이지연,52397,전라북도 부천시 원미구 양재천가 (준호이김리),019-419-3135,seonghuni@example.net
876,이중수,31341,경상북도 청주시 상당구 선릉3거리,019-198-6950,haeunbag@example.net
877,양정자,10028,전라북도 증평군 학동73가,02-8964-1667,lhong@example.org
878,김성진,34111,울산광역시 종로구 양재천로 (미영이읍),051-864-8314,hyejinryu@example.org
879,이정남,04665,서울특별시 강서구 선릉거리 (영자박마을),02-2334-0901,si@example.com
880,남병철,68349,전라북도 괴산군 압구정4거리 (병철고이마을),019-010-5085,yejungim@example.org
881,박정자,86607,울산광역시 노원구 가락길 (서현김읍),02-7609-1689,sjang@example.net
882,주은주,71812,대구광역시 성동구 양재천32거리,031-141-3001,juweon18@example.com
883,이준서,56249,대구광역시 강남구 서초중앙55거리,051-329-5485,myeongsuggweon@example.org
884,박순옥,21073,세종특별자치시 영등포구 가락로,051-599-1683,pgim@example.org
885,이은영,51082,충청남도 구리시 언주368가 (예원박마을),064-781-2075,fgim@example.org
886,전정웅,24493,제주특별자치도 영월군 석촌호수5길,016-066-1269,hyeonjeong22@example.org
887,김지민,49618,서울특별시 구로구 삼성로 (예진강읍),019-075-8068,hyeonu79@example.net
888,박정희,44031,경상북도 이천시 봉은사가 (병철김읍),041-648-7275,li@example.net
889,황경수,87171,경상남도 고양시 일산서구 오금길,055-127-1675,ojeongho@example.net
890,심옥자,63922,대구광역시 종로구 잠실로 (영일김동),070-7063-7160,pjo@example.org
891,장경자,03949,대구광역시 은평구 언주로 (춘자문고동),02-7844-7111,rjang@example.net
892,김건우,66490,전라남도 남양주시 개포101가 (경숙김동),016-549-7008,go@example.net
893,이서영,29088,경기도 홍성군 가락92로 (영일김읍),070-9835-9842,vgim@example.com
894,김지혜,73365,울산광역시 마포구 테헤란13거리 (영수박동),063-823-4664,minjae23@example.com
895,김지현,15459,경상남도 천안시 동남구 강남대가 (서연김홍읍),070-5498-1791,yeonghyii@example.net
896,박동현,86449,제주특별자치도 동해시 언주거리 (유진김리),055-096-5172,subini@example.com
897,이영길,72792,부산광역시 중랑구 서초대길 (현숙서박면),052-492-5593,jeongsungim@example.net
898,김광수,21312,전라북도 청양군 서초대가,019-220-3224,hyeonuhan@example.com
899,한진호,07942,울산광역시 구로구 학동52로,054-557-6483,hyejin47@example.net
900,김영수,65343,경상남도 춘천시 영동대728길 (주원손리),064-743-3463,ajang@example.net
901,장건우,69329,전라북도 성남시 수정구 잠실813가,031-528-4262,misuggo@example.com
902,윤민수,17773,서울특별시 동구 언주거리,052-474-8961,jihuyu@example.org
903,김하은,23650,강원도 오산시 가락로,053-582-5750,jseo@example.com
904,박준영,24922,경기도 구리시 선릉거리 (수빈서읍),010-3134-2309,gyeongjabag@example.org
905,김건우,71525,전라남도 화천군 양재천로,070-9252-5920,junyeongjang@example.net
906,박명자,87371,충청북도 정선군 역삼5로,064-725-8281,wgim@example.net
907,김은경,26228,제주특별자치도 하남시 오금거리 (보람배면),010-1292-0730,lsong@example.net
908,박정호,99226,광주광역시 성북구 영동대로,053-226-0755,isong@example.net
909,송우진,58314,전라북도 과천시 선릉02길 (서연박손마을),042-023-8247,eunjijang@example.net
910,배준혁,98880,울산광역시 강북구 개포거리,018-998-8194,gimjihun@example.com
911,홍보람,55215,충청남도 용인시 압구정1거리 (미숙박리),054-689-0160,yeweongim@example.net
912,지채원,57223,전라북도 안양시 동안구 개포거리,041-906-5758,seoogja@example.net
913,이정식,57840,세종특별자치시 종로구 개포550거리 (민지김리),044-720-7531,yeeun78@example.org
914,이예은,91819,울산광역시 성동구 잠실45로 (성훈류김동),042-448-7462,xcoe@example.net
915,김정훈,83436,부산광역시 북구 논현9로 (춘자이마을),011-156-6197,jieun51@example.org
916,노지영,53380,충청북도 단양군 삼성거리 (상철이동),063-115-1458,yeongsugim@example.org
917,임지영,13671,경기도 인제군 논현가 (지후이면),010-5182-5896,yeongsugson@example.com
918,김정남,64395,경기도 음성군 언주5가 (아름심김읍),032-421-2857,jeongsugim@example.net
919,권동현,12488,광주광역시 강북구 반포대거리,032-272-5754,rgo@example.net
920,박정식,43293,부산광역시 북구 영동대로 (시우최최리),02-6551-0773,yunjiyeong@example.net
921,송성호,45516,서울특별시 강서구 서초대길 (민수오강마을),061-750-6869,gimjia@example.com
922,김채원,91145,대구광역시 영등포구 테헤란06로,010-2527-5833,zyun@example.net
923,박미영,18268,서울특별시 영등포구 선릉799가,052-176-8498,oi@example.net
924,한명숙,10029,강원도 태안군 도산대로,070-7085-7546,guseoyeong@example.org
925,이미경,05700,대전광역시 노원구 석촌호수가,033-179-4840,byeongceol92@example.com
926,윤도현,14532,부산광역시 서구 양재천39가 (예진백김면),010-6131-5376,bagyejun@example.net
927,김승민,36188,서울특별시 북구 강남대길 (성수김이리),042-369-7665,gbag@example.org
928,박보람,75865,울산광역시 은평구 잠실길 (지연양리),033-865-8745,minjaegweon@example.net
929,안영수,26122,전라북도 안양시 서초중앙0길,044-484-3265,ri@example.com
930,임서연,47901,서울특별시 마포구 압구정38가,017-392-7559,gominjae@example.org
931,이은지,95478,부산광역시 성북구 강남대24길,053-638-7159,ngim@example.net
932,최준호,05047,광주광역시 동대문구 테헤란42길 (민석이동),031-058-7478,jaehojang@example.net
933,권영수,62341,충청북도 화성시 석촌호수64거리 (민재김이마을),055-597-4309,jihye18@example.net
934,김정훈,77244,인천광역시 광진구 봉은사579길,010-5519-8195,po@example.com
935,김예진,95295,전라북도 이천시 테헤란가 (예진고서면),052-764-7433,bbag@example.org
936,김영철,42056,충청남도 삼척시 언주9길,016-785-8844,xsong@example.org
937,문도현,18898,울산광역시 성동구 영동대79로 (영미김마을),062-269-7316,migyeongi@example.com
938,강도윤,10854,세종특별자치시 광진구 영동대거리 (지연문김읍),055-694-9597,seunghyeongang@example.com
939,김준혁,87026,충청남도 파주시 봉은사길 (현준양리),054-624-5127,jiu84@example.org
940,홍민수,30927,세종특별자치시 성동구 압구정거리 (진우김송마을),042-284-4284,kgim@example.org
941,장승현,95350,대구광역시 중구 가락거리,054-312-6776,gimseoyun@example.net
942,강수민,85670,광주광역시 은평구 석촌호수로 (미영최동),070-7208-7769,jeonghun83@example.org
943,오지훈,40892,부산광역시 북구 석촌호수775길 (광수김김면),019-541-6732,jongsubaeg@example.org
944,이동현,52474,서울특별시 강북구 논현로,032-584-1081,suminbae@example.org
945,박승민,17858,대전광역시 서대문구 석촌호수거리 (미정김이리),064-749-8153,jaehocoe@example.com
946,이은서,53606,광주광역시 중랑구 반포대2거리,055-609-2643,seonyeong67@example.org
947,이민석,20086,인천광역시 용산구 삼성가 (정훈김동),054-925-8340,fgim@example.org
948,강윤서,31840,제주특별자치도 부천시 봉은사로,041-172-7399,anyujin@example.net
949,김지훈,27703,경상북도 인제군 도산대0로,053-085-4070,mi@example.com
950,김진호,84421,울산광역시 마포구 학동2가,053-944-5703,gyeongjahwang@example.org
951,이영자,75734,대전광역시 도봉구 오금거리 (승민김이마을),018-774-0150,bagminji@example.org
952,박지은,52418,대전광역시 강서구 양재천06로 (현지황김리),011-370-4440,gimjunho@example.net
953,최우진,93124,부산광역시 종로구 오금42길,064-794-4602,egim@example.com
954,최영희,99031,강원도 공주시 강남대로,062-945-9343,yeonghojeong@example.org
955,이정남,82308,광주광역시 북구 테헤란8길 (현숙최이리),042-638-4807,gimjeongja@example.org
956,박영환,21066,충청북도 안양시 오금로 (상훈이읍),032-785-5859,gimseonghyeon@example.net
957,구성호,19672,전라북도 화천군 잠실길,051-527-6252,gi@example.com
958,우지우,56165,부산광역시 동작구 가락길,032-484-4546,yeonggilhan@example.com
959,김준호,85748,서울특별시 송파구 강남대133길,032-473-7861,baejinu@example.com
960,김서준,91064,울산광역시 강북구 선릉6거리,054-268-9393,bagyeongsu@example.org
961,정지현,95019,대구광역시 중구 봉은사가 (주원이양면),054-717-4894,minseog90@example.net
962,이채원,32052,울산광역시 금천구 언주길,017-744-4888,pi@example.org
963,임예지,05002,세종특별자치시 동대문구 서초중앙로,052-044-4598,songsujin@example.com
964,홍민서,98639,충청북도 오산시 잠실로,062-330-6227,seoyeong45@example.net
965,이수민,34371,전라북도 광주시 석촌호수49거리 (상현김이면),042-475-7848,jeonghungim@example.com
966,강성호,95137,전라남도 성남시 논현로 (영호박김마을),033-388-9386,jihugim@example.org
967,김민준,01556,광주광역시 광진구 서초중앙007길 (숙자이읍),018-104-1915,gimjihu@example.net
968,임하은,87264,광주광역시 동작구 도산대길 (순옥임리),054-905-2350,seonyeong49@example.com
969,진병철,12480,충청북도 영동군 언주길,032-919-8381,hyeonjeong55@example.org
970,조선영,05883,경기도 성남시 수정구 선릉066가,064-797-2938,seunghyeon78@example.com
971,배경수,54115,경기도 보령시 선릉6길,043-494-7180,jeongsu58@example.org
972,이종수,68470,경기도 춘천시 도산대로,018-398-5960,yeongjingim@example.net
973,김경희,10069,대구광역시 마포구 언주거리 (은영김안면),054-895-0498,ji@example.net
974,서영철,02029,충청남도 계룡시 반포대가 (경자이성리),052-162-1911,ogsun56@example.org
975,김은서,86896,전라북도 고성군 영동대2거리,019-916-8713,ijeongnam@example.net
976,이미정,03594,대전광역시 서구 테헤란9거리 (지후서김면),011-262-1068,di@example.org
977,이성현,88903,제주특별자치도 시흥시 양재천046로 (정웅노김동),043-050-9870,ugim@example.net
978,김민지,92335,부산광역시 강서구 논현64로 (옥순김마을),033-055-8037,jieungim@example.net
979,이성현,05231,대전광역시 영등포구 선릉664길 (수민박김읍),063-969-9142,seonyeong14@example.org
980,배성민,15548,서울특별시 동대문구 압구정로,031-864-5382,pgang@example.com
981,박예준,36413,세종특별자치시 광진구 도산대68로,064-743-4856,subinsong@example.org
982,최지연,24077,인천광역시 강북구 백제고분거리 (정자오리),042-054-2889,iyujin@example.com
983,홍종수,85433,전라남도 용인시 기흥구 삼성길,017-759-3646,jeongjeongsug@example.org
984,박준혁,01067,전라북도 보령시 논현57가 (미숙강리),070-8823-1518,gimeunseo@example.org
985,강경자,50456,서울특별시 서구 서초대가 (정웅곽리),033-248-6610,eunji97@example.org
986,박순옥,98149,경기도 의왕시 학동로,02-2704-7123,jiyeon07@example.org
987,최명숙,20365,서울특별시 은평구 언주가,042-891-7492,yangminseog@example.net
988,송영일,29873,강원도 고양시 덕양구 강남대거리 (상현황면),041-479-9688,agim@example.net
989,이지현,57975,경상남도 포천시 서초중앙거리,054-168-4411,ki@example.net
990,양경희,12510,경기도 부여군 영동대길 (주원백김읍),061-120-3078,hyeonjungang@example.net
991,이순옥,55551,대구광역시 서초구 서초중앙로 (수민조이면),018-037-0460,eunseoji@example.net
992,김경숙,97565,전라북도 안산시 상록구 봉은사2로 (민준홍리),053-315-3033,jaeho37@example.org
993,박영희,83602,제주특별자치도 오산시 서초중앙길 (영숙허리),042-692-9011,chwang@example.com
994,최시우,88583,제주특별자치도 동두천시 서초대57거리 (현지강문리),070-0902-7409,pcoe@example.net
995,한준호,36714,서울특별시 도봉구 반포대6로 (영철이박마을),044-080-4571,seoyeongju@example.org
996,구영호,63074,서울특별시 동작구 오금84가 (상현김김읍),010-9700-7079,gimhayun@example.org
997,이지연,28672,전라남도 시흥시 석촌호수로 (은지권면),054-223-6453,minseog07@example.net
998,남현지,60816,경기도 양평군 압구정8거리 (도윤최동),051-323-1032,gimjongsu@example.com
999,김옥자,11340,전라남도 화성시 백제고분로 (영진김김마을),041-567-5947,yeongceol92@example.com
